/*!40101 SET @OLD_CHARACTER_SET_CLIENT=@@CHARACTER_SET_CLIENT */;
/*!40101 SET NAMES utf8 */;
/*!50503 SET NAMES utf8mb4 */;
/*!40103 SET @OLD_TIME_ZONE=@@TIME_ZONE */;
/*!40103 SET TIME_ZONE='+00:00' */;
/*!40014 SET @OLD_FOREIGN_KEY_CHECKS=@@FOREIGN_KEY_CHECKS, FOREIGN_KEY_CHECKS=0 */;
/*!40101 SET @OLD_SQL_MODE=@@SQL_MODE, SQL_MODE='NO_AUTO_VALUE_ON_ZERO' */;
/*!40111 SET @OLD_SQL_NOTES=@@SQL_NOTES, SQL_NOTES=0 */;

DROP DATABASE IF EXISTS `s004`;
CREATE DATABASE IF NOT EXISTS `s004` /*!40100 DEFAULT CHARACTER SET utf8mb3 COLLATE utf8mb3_croatian_ci */ /*!80016 DEFAULT ENCRYPTION='N' */;
USE `s004`;

DROP TABLE IF EXISTS `a_achievement`;
CREATE TABLE IF NOT EXISTS `a_achievement` (
  `id` varchar(255) COLLATE utf8mb3_croatian_ci NOT NULL,
  `create_by` varchar(255) COLLATE utf8mb3_croatian_ci DEFAULT NULL,
  `create_time` datetime(6) DEFAULT NULL,
  `del_flag` int NOT NULL,
  `update_by` varchar(255) COLLATE utf8mb3_croatian_ci DEFAULT NULL,
  `update_time` datetime(6) DEFAULT NULL,
  `curriculum_id` varchar(255) COLLATE utf8mb3_croatian_ci DEFAULT NULL,
  `curriculum_name` varchar(255) COLLATE utf8mb3_croatian_ci DEFAULT NULL,
  `give_id` varchar(255) COLLATE utf8mb3_croatian_ci DEFAULT NULL,
  `image` varchar(255) COLLATE utf8mb3_croatian_ci DEFAULT NULL,
  `number1` decimal(38,2) DEFAULT NULL,
  `number2` decimal(38,2) DEFAULT NULL,
  `number_sum` decimal(38,2) DEFAULT NULL,
  `stu_id` varchar(255) COLLATE utf8mb3_croatian_ci DEFAULT NULL,
  `stu_name` varchar(255) COLLATE utf8mb3_croatian_ci DEFAULT NULL,
  `tea_id` varchar(255) COLLATE utf8mb3_croatian_ci DEFAULT NULL,
  `tea_name` varchar(255) COLLATE utf8mb3_croatian_ci DEFAULT NULL,
  PRIMARY KEY (`id`)
) ENGINE=InnoDB DEFAULT CHARSET=utf8mb3 COLLATE=utf8mb3_croatian_ci;

DELETE FROM `a_achievement`;
INSERT INTO `a_achievement` (`id`, `create_by`, `create_time`, `del_flag`, `update_by`, `update_time`, `curriculum_id`, `curriculum_name`, `give_id`, `image`, `number1`, `number2`, `number_sum`, `stu_id`, `stu_name`, `tea_id`, `tea_name`) VALUES
	('1637009290336276480', 'admin', '2023-03-18 16:33:23.657000', 0, 'API接口', '2023-06-10 10:26:00.014000', '1636981798342889472', 'Java程序设计', '1637009277522677760', 'https://jujia.lucheng.gov.cn/app/file/view/1621774064978890754', 90.00, 100.00, 94.00, '1464764315201572865', '学生A', '1527830053524738048', '教师'),
	('1637009290596323328', 'admin', '2023-03-18 16:33:23.717000', 0, 'API接口', '2023-06-10 10:26:00.019000', '1636981798342889472', 'Java程序设计', '1637009277522677760', 'https://jujia.lucheng.gov.cn/app/file/view/1621774064978890754', 80.00, 100.00, 88.00, '1464772465946398721', '学生B', '1527830053524738048', '教师'),
	('1667351210564390914', 'admin', '2023-06-10 10:01:21.146000', 0, 'API接口', '2023-06-10 10:26:00.025000', '1667351139185725440', 'C++程序设计', '1667351192440803328', 'http://127.0.0.1:8080/zwz/file/view/1667351130927140864', 66.00, 100.00, 79.60, '1464764315201572865', '学生A', '1527830053524738049', '教师B'),
	('1667351210589556736', 'admin', '2023-06-10 10:01:21.153000', 0, 'API接口', '2023-06-10 10:26:00.029000', '1667351139185725440', 'C++程序设计', '1667351192440803328', 'http://127.0.0.1:8080/zwz/file/view/1667351130927140864', 95.00, 100.00, 97.00, '1464772465946398721', '学生B', '1527830053524738049', '教师B');

DROP TABLE IF EXISTS `a_appraise`;
CREATE TABLE IF NOT EXISTS `a_appraise` (
  `id` varchar(255) COLLATE utf8mb3_croatian_ci NOT NULL,
  `create_by` varchar(255) COLLATE utf8mb3_croatian_ci DEFAULT NULL,
  `create_time` datetime(6) DEFAULT NULL,
  `del_flag` int NOT NULL,
  `update_by` varchar(255) COLLATE utf8mb3_croatian_ci DEFAULT NULL,
  `update_time` datetime(6) DEFAULT NULL,
  `content` varchar(255) COLLATE utf8mb3_croatian_ci DEFAULT NULL,
  `curriculum_id` varchar(255) COLLATE utf8mb3_croatian_ci DEFAULT NULL,
  `curriculum_name` varchar(255) COLLATE utf8mb3_croatian_ci DEFAULT NULL,
  `image` varchar(255) COLLATE utf8mb3_croatian_ci DEFAULT NULL,
  `stu_id` varchar(255) COLLATE utf8mb3_croatian_ci DEFAULT NULL,
  `stu_name` varchar(255) COLLATE utf8mb3_croatian_ci DEFAULT NULL,
  PRIMARY KEY (`id`)
) ENGINE=InnoDB DEFAULT CHARSET=utf8mb3 COLLATE=utf8mb3_croatian_ci;

DELETE FROM `a_appraise`;
INSERT INTO `a_appraise` (`id`, `create_by`, `create_time`, `del_flag`, `update_by`, `update_time`, `content`, `curriculum_id`, `curriculum_name`, `image`, `stu_id`, `stu_name`) VALUES
	('1636991590687969280', 'admin', '2023-03-18 15:23:03.766000', 0, NULL, NULL, '222', '1636981848666148864', 'Python程序设计', 'https://jujia.lucheng.gov.cn/app/file/view/1621777255405588483', '1464764315201572864', '管理员'),
	('1636991605258981376', 'admin', '2023-03-18 15:23:07.206000', 0, NULL, NULL, '333', '1636981798342889472', 'Java程序设计', 'https://jujia.lucheng.gov.cn/app/file/view/1621774064978890754', '1464764315201572864', '管理员'),
	('1637009221188980736', 'admin', '2023-03-18 16:33:07.176000', 0, NULL, NULL, '6666', '1636981798342889472', 'Java程序设计', 'https://jujia.lucheng.gov.cn/app/file/view/1621774064978890754', '1464764315201572864', '管理员'),
	('1637009677160157184', 'admin', '2023-03-18 16:34:55.892000', 0, NULL, NULL, '7777', '1636981848666148864', 'Python程序设计', 'https://jujia.lucheng.gov.cn/app/file/view/1621777255405588483', '1464764315201572864', '管理员'),
	('1637010089367965696', '13600000001', '2023-03-18 16:36:34.157000', 0, NULL, NULL, '7777', '1636981848666148864', 'Python程序设计', 'https://jujia.lucheng.gov.cn/app/file/view/1621777255405588483', '1464764315201572865', '学生A'),
	('1667351457218826240', '13600000001', '2023-06-10 10:02:19.956000', 0, NULL, NULL, '好！！！', '1667351139185725440', 'C++程序设计', 'http://127.0.0.1:8080/zwz/file/view/1667351130927140864', '1464764315201572865', '学生A');

DROP TABLE IF EXISTS `a_attendance`;
CREATE TABLE IF NOT EXISTS `a_attendance` (
  `id` varchar(255) COLLATE utf8mb3_croatian_ci NOT NULL,
  `create_by` varchar(255) COLLATE utf8mb3_croatian_ci DEFAULT NULL,
  `create_time` datetime(6) DEFAULT NULL,
  `del_flag` int NOT NULL,
  `update_by` varchar(255) COLLATE utf8mb3_croatian_ci DEFAULT NULL,
  `update_time` datetime(6) DEFAULT NULL,
  `curriculum_id` varchar(255) COLLATE utf8mb3_croatian_ci DEFAULT NULL,
  `curriculum_name` varchar(255) COLLATE utf8mb3_croatian_ci DEFAULT NULL,
  `date` varchar(255) COLLATE utf8mb3_croatian_ci DEFAULT NULL,
  `image` varchar(255) COLLATE utf8mb3_croatian_ci DEFAULT NULL,
  `status` varchar(255) COLLATE utf8mb3_croatian_ci DEFAULT NULL,
  `stu_id` varchar(255) COLLATE utf8mb3_croatian_ci DEFAULT NULL,
  `stu_name` varchar(255) COLLATE utf8mb3_croatian_ci DEFAULT NULL,
  PRIMARY KEY (`id`)
) ENGINE=InnoDB DEFAULT CHARSET=utf8mb3 COLLATE=utf8mb3_croatian_ci;

DELETE FROM `a_attendance`;
INSERT INTO `a_attendance` (`id`, `create_by`, `create_time`, `del_flag`, `update_by`, `update_time`, `curriculum_id`, `curriculum_name`, `date`, `image`, `status`, `stu_id`, `stu_name`) VALUES
	('1636992906390802432', 'admin', '2023-03-18 15:28:17.478000', 0, NULL, NULL, '1636981798342889472', 'Java程序设计', '2023-06-16', 'https://jujia.lucheng.gov.cn/app/file/view/1621774064978890754', '正常', '1464764315201572865', '学生A'),
	('1637009323097985024', 'admin', '2023-03-18 16:33:31.523000', 0, NULL, NULL, '1636981798342889472', 'Java程序设计', '2023-06-18', 'https://jujia.lucheng.gov.cn/app/file/view/1621774064978890754', '正常', '1464764315201572865', '学生A'),
	('1667351260220755968', 'admin', '2023-06-10 10:01:32.997000', 0, NULL, NULL, '1667351139185725440', 'C++程序设计', '2023-06-10', 'http://127.0.0.1:8080/zwz/file/view/1667351130927140864', '正常', '1464764315201572865', '学生A');

DROP TABLE IF EXISTS `a_curriculum`;
CREATE TABLE IF NOT EXISTS `a_curriculum` (
  `id` varchar(255) COLLATE utf8mb3_croatian_ci NOT NULL,
  `create_by` varchar(255) COLLATE utf8mb3_croatian_ci DEFAULT NULL,
  `create_time` datetime(6) DEFAULT NULL,
  `del_flag` int NOT NULL,
  `update_by` varchar(255) COLLATE utf8mb3_croatian_ci DEFAULT NULL,
  `update_time` datetime(6) DEFAULT NULL,
  `content` varchar(255) COLLATE utf8mb3_croatian_ci DEFAULT NULL,
  `image` varchar(255) COLLATE utf8mb3_croatian_ci DEFAULT NULL,
  `status` varchar(255) COLLATE utf8mb3_croatian_ci DEFAULT NULL,
  `title` varchar(255) COLLATE utf8mb3_croatian_ci DEFAULT NULL,
  PRIMARY KEY (`id`)
) ENGINE=InnoDB DEFAULT CHARSET=utf8mb3 COLLATE=utf8mb3_croatian_ci;

DELETE FROM `a_curriculum`;
INSERT INTO `a_curriculum` (`id`, `create_by`, `create_time`, `del_flag`, `update_by`, `update_time`, `content`, `image`, `status`, `title`) VALUES
	('1636981798342889472', 'admin', '2023-03-18 14:44:09.064000', 0, NULL, NULL, 'Java程序设计Java程序设计Java程序设计', 'https://jujia.lucheng.gov.cn/app/file/view/1621774064978890754', '正常', 'Java程序设计'),
	('1636981848666148864', 'admin', '2023-03-18 14:44:21.063000', 0, NULL, NULL, 'Python程序设计Python程序设计Python程序设计Python程序设计', 'https://jujia.lucheng.gov.cn/app/file/view/1621777255405588483', '正常', 'Python程序设计'),
	('1667351139185725440', 'admin', '2023-06-10 10:01:04.134000', 0, NULL, NULL, 'C++程序设计C++程序设计C++程序设计', 'http://127.0.0.1:8080/zwz/file/view/1667351130927140864', '正常', 'C++程序设计');

DROP TABLE IF EXISTS `a_department`;
CREATE TABLE IF NOT EXISTS `a_department` (
  `id` varchar(255) NOT NULL,
  `create_by` varchar(255) DEFAULT NULL,
  `create_time` datetime(6) DEFAULT NULL,
  `del_flag` int DEFAULT NULL,
  `update_by` varchar(255) DEFAULT NULL,
  `update_time` datetime(6) DEFAULT NULL,
  `parent_id` varchar(255) DEFAULT NULL,
  `sort_order` decimal(10,2) DEFAULT NULL,
  `status` int DEFAULT NULL,
  `title` varchar(255) DEFAULT NULL,
  `is_parent` bit(1) DEFAULT NULL,
  PRIMARY KEY (`id`)
) ENGINE=InnoDB DEFAULT CHARSET=utf8mb3;

DELETE FROM `a_department`;
INSERT INTO `a_department` (`id`, `create_by`, `create_time`, `del_flag`, `update_by`, `update_time`, `parent_id`, `sort_order`, `status`, `title`, `is_parent`) VALUES
	('1464487288363945985', 'admin', '2022-03-20 09:46:20.000000', 0, 'admin', '2022-03-20 09:46:20.000000', '0', 1.00, 0, '部门A', b'0'),
	('1464487332064399361', 'admin', '2022-03-20 09:46:20.000000', 0, 'admin', '2022-03-20 09:46:20.000000', '0', 2.00, 0, '部门B', b'0'),
	('1464487379074158593', 'admin', '2022-03-20 09:46:20.000000', 0, 'admin', '2022-03-20 09:46:20.000000', '0', 3.00, 0, '部门C', b'0');

DROP TABLE IF EXISTS `a_department_header`;
CREATE TABLE IF NOT EXISTS `a_department_header` (
  `id` varchar(255) NOT NULL,
  `create_by` varchar(255) DEFAULT NULL,
  `create_time` datetime(6) DEFAULT NULL,
  `del_flag` int NOT NULL,
  `update_by` varchar(255) DEFAULT NULL,
  `update_time` datetime(6) DEFAULT NULL,
  `department_id` varchar(255) DEFAULT NULL,
  `type` int DEFAULT NULL,
  `user_id` varchar(255) DEFAULT NULL,
  PRIMARY KEY (`id`)
) ENGINE=InnoDB DEFAULT CHARSET=utf8mb3;

DELETE FROM `a_department_header`;

DROP TABLE IF EXISTS `a_dict`;
CREATE TABLE IF NOT EXISTS `a_dict` (
  `id` varchar(255) NOT NULL,
  `create_by` varchar(255) DEFAULT NULL,
  `create_time` datetime(6) DEFAULT NULL,
  `del_flag` int NOT NULL,
  `update_by` varchar(255) DEFAULT NULL,
  `update_time` datetime(6) DEFAULT NULL,
  `description` varchar(255) DEFAULT NULL,
  `title` varchar(255) DEFAULT NULL,
  `type` varchar(255) DEFAULT NULL,
  `sort_order` decimal(10,2) DEFAULT NULL,
  PRIMARY KEY (`id`)
) ENGINE=InnoDB DEFAULT CHARSET=utf8mb3;

DELETE FROM `a_dict`;
INSERT INTO `a_dict` (`id`, `create_by`, `create_time`, `del_flag`, `update_by`, `update_time`, `description`, `title`, `type`, `sort_order`) VALUES
	('1536612750841745408', 'admin', '2022-06-14 15:33:23.000000', 0, NULL, NULL, '', '学历', 'education', 3.00),
	('1536613395229446144', 'admin', '2022-06-14 15:35:57.000000', 0, NULL, NULL, '', '在职状态', 'occupationStatus', 4.00),
	('75135930788220928', 'admin', '2022-03-20 09:46:20.000000', 0, 'admin', '2022-03-20 09:46:20.000000', '', '性别', 'sex', 0.00),
	('75388696739713024', 'admin', '2022-03-20 09:46:20.000000', 0, 'admin', '2022-03-20 09:46:20.000000', '', '分权限', 'permission_type', 2.00);

DROP TABLE IF EXISTS `a_dict_data`;
CREATE TABLE IF NOT EXISTS `a_dict_data` (
  `id` varchar(255) NOT NULL,
  `create_by` varchar(255) DEFAULT NULL,
  `create_time` datetime(6) DEFAULT NULL,
  `del_flag` int NOT NULL,
  `update_by` varchar(255) DEFAULT NULL,
  `update_time` datetime(6) DEFAULT NULL,
  `description` varchar(255) DEFAULT NULL,
  `dict_id` varchar(255) DEFAULT NULL,
  `sort_order` decimal(10,2) DEFAULT NULL,
  `status` int DEFAULT NULL,
  `title` varchar(255) DEFAULT NULL,
  `value` varchar(255) DEFAULT NULL,
  PRIMARY KEY (`id`),
  KEY `sort_order` (`sort_order`) USING BTREE
) ENGINE=InnoDB DEFAULT CHARSET=utf8mb3;

DELETE FROM `a_dict_data`;
INSERT INTO `a_dict_data` (`id`, `create_by`, `create_time`, `del_flag`, `update_by`, `update_time`, `description`, `dict_id`, `sort_order`, `status`, `title`, `value`) VALUES
	('1536612796106674176', 'admin', '2022-06-14 15:33:34.000000', 0, NULL, NULL, '', '1536612750841745408', 1.00, 0, '博士', '博士'),
	('1536612834962706432', 'admin', '2022-06-14 15:33:43.000000', 0, NULL, NULL, '', '1536612750841745408', 2.00, 0, '硕士', '硕士'),
	('1536612883465637888', 'admin', '2022-06-14 15:33:55.000000', 0, 'admin', '2022-06-14 15:34:13.000000', '', '1536612750841745408', 3.00, 0, '本科', '本科'),
	('1536612930576060416', 'admin', '2022-06-14 15:34:06.000000', 0, 'admin', '2022-06-14 15:34:11.000000', '', '1536612750841745408', 4.00, 0, '专科', '专科'),
	('1536612993519980544', 'admin', '2022-06-14 15:34:21.000000', 0, '', NULL, '', '1536612750841745408', 5.00, 0, '高中及以下', '高中及以下'),
	('1536613425902391296', 'admin', '2022-06-14 15:36:04.000000', 0, NULL, NULL, '', '1536613395229446144', 1.00, 0, '在职', '在职'),
	('1536613447544999936', 'admin', '2022-06-14 15:36:09.000000', 0, NULL, NULL, '', '1536613395229446144', 2.00, 0, '离职', '离职'),
	('75158227712479232', 'admin', '2022-03-20 09:46:20.000000', 0, 'admin', '2022-03-20 09:46:20.000000', '', '75135930788220928', 0.00, 0, '男', '男'),
	('75159254272577536', 'admin', '2022-03-20 09:46:20.000000', 0, 'admin', '2022-03-20 09:46:20.000000', '', '75135930788220928', 1.00, 0, '女', '女'),
	('75159898425397248', 'admin', '2022-03-20 09:46:20.000000', 0, 'admin', '2022-03-20 09:46:20.000000', '', '75135930788220928', 2.00, -1, '保密', '保密'),
	('75390886501945344', 'admin', '2022-03-20 09:46:20.000000', 0, 'admin', '2022-03-20 09:46:20.000000', '', '75388696739713024', 1.00, 0, '添加操作(add)', 'add'),
	('75390993939042304', 'admin', '2022-03-20 09:46:20.000000', 0, 'admin', '2022-03-20 09:46:20.000000', '', '75388696739713024', 2.00, 0, '编辑操作(edit)', 'edit'),
	('75391067532300288', 'admin', '2022-03-20 09:46:20.000000', 0, 'admin', '2022-03-20 09:46:20.000000', '', '75388696739713024', 3.00, 0, '删除操作(delete)', 'delete'),
	('75391126902673408', 'admin', '2022-03-20 09:46:20.000000', 0, 'admin', '2022-03-20 09:46:20.000000', '', '75388696739713024', 4.00, 0, '清空操作(clear)', 'clear'),
	('75391192883269632', 'admin', '2022-03-20 09:46:20.000000', 0, 'admin', '2022-03-20 09:46:20.000000', '', '75388696739713024', 5.00, 0, '启用操作(enable)', 'enable'),
	('75391251024711680', 'admin', '2022-03-20 09:46:20.000000', 0, 'admin', '2022-03-20 09:46:20.000000', '', '75388696739713024', 6.00, 0, '禁用操作(disable)', 'disable'),
	('75391297124306944', 'admin', '2022-03-20 09:46:20.000000', 0, 'admin', '2022-03-20 09:46:20.000000', '', '75388696739713024', 7.00, 0, '搜索操作(search)', 'search'),
	('75391343379091456', 'admin', '2022-03-20 09:46:20.000000', 0, 'admin', '2022-03-20 09:46:20.000000', '', '75388696739713024', 8.00, 0, '上传文件(upload)', 'upload'),
	('75391407526776832', 'admin', '2022-03-20 09:46:20.000000', 0, 'admin', '2022-03-20 09:46:20.000000', '', '75388696739713024', 9.00, 0, '导出操作(output)', 'output'),
	('75391475042488320', 'admin', '2022-03-20 09:46:20.000000', 0, 'admin', '2022-03-20 09:46:20.000000', '', '75388696739713024', 10.00, 0, '导入操作(input)', 'input');

DROP TABLE IF EXISTS `a_file`;
CREATE TABLE IF NOT EXISTS `a_file` (
  `id` varchar(255) NOT NULL,
  `create_by` varchar(255) DEFAULT NULL,
  `create_time` datetime(6) DEFAULT NULL,
  `del_flag` int NOT NULL,
  `update_by` varchar(255) DEFAULT NULL,
  `update_time` datetime(6) DEFAULT NULL,
  `name` varchar(255) DEFAULT NULL,
  `size` bigint unsigned DEFAULT NULL,
  `type` varchar(255) DEFAULT NULL,
  `url` varchar(255) DEFAULT NULL,
  `f_key` varchar(255) DEFAULT NULL,
  `location` int DEFAULT NULL,
  PRIMARY KEY (`id`),
  KEY `create_time` (`create_time`) USING BTREE
) ENGINE=InnoDB DEFAULT CHARSET=utf8mb3;

DELETE FROM `a_file`;
INSERT INTO `a_file` (`id`, `create_by`, `create_time`, `del_flag`, `update_by`, `update_time`, `name`, `size`, `type`, `url`, `f_key`, `location`) VALUES
	('1663718815558668288', 'admin', '2023-05-31 09:27:31.000000', 0, NULL, NULL, '头像V2.png', 169931, 'image/png', 'C:\\\\oa-file/20230531/864d0a82f9b74402a6d0d825eb24d2b9.png', '864d0a82f9b74402a6d0d825eb24d2b9.png', 0),
	('1663726644403245056', 'admin', '2023-05-31 09:58:37.238000', 0, NULL, NULL, '1680233479380_a72b67c28ce9442e5d220d11b0b4fddd.png', 312953, 'image/png', 'C:\\\\oa-file/20230531/cc07dec3cf4a48f3a90fc5f4f59f4573.png', 'cc07dec3cf4a48f3a90fc5f4f59f4573.png', 0),
	('1663726667207675904', 'admin', '2023-05-31 09:58:42.671000', 0, NULL, NULL, 'SQLite封面.png', 65907, 'image/png', 'C:\\\\oa-file/20230531/5b4a665aa08d44928a931dbe07f7950e.png', '5b4a665aa08d44928a931dbe07f7950e.png', 0),
	('1663726703383547904', 'admin', '2023-05-31 09:58:51.295000', 0, NULL, NULL, '封面.png', 1571947, 'image/png', 'C:\\\\oa-file/20230531/600f79aee5e24a25b25abb786c4a64e5.png', '600f79aee5e24a25b25abb786c4a64e5.png', 0),
	('1663727083915972608', 'admin', '2023-05-31 10:00:22.017000', 0, NULL, NULL, '测试PDF.pdf', 369573, 'application/pdf', 'C:\\\\oa-file/20230531/a8ba652e01e44946a01c236533d25e7c.pdf', 'a8ba652e01e44946a01c236533d25e7c.pdf', 0),
	('1667351130927140864', 'admin', '2023-06-10 10:01:02.206000', 0, NULL, NULL, 'MP封面.png', 320854, 'image/png', 'C:\\\\oa-file/20230610/373c8e0f5980414893b7dfed3e6ed4bf.png', '373c8e0f5980414893b7dfed3e6ed4bf.png', 0);

DROP TABLE IF EXISTS `a_give_lessons`;
CREATE TABLE IF NOT EXISTS `a_give_lessons` (
  `id` varchar(255) COLLATE utf8mb3_croatian_ci NOT NULL,
  `create_by` varchar(255) COLLATE utf8mb3_croatian_ci DEFAULT NULL,
  `create_time` datetime(6) DEFAULT NULL,
  `del_flag` int NOT NULL,
  `update_by` varchar(255) COLLATE utf8mb3_croatian_ci DEFAULT NULL,
  `update_time` datetime(6) DEFAULT NULL,
  `curriculum_id` varchar(255) COLLATE utf8mb3_croatian_ci DEFAULT NULL,
  `curriculum_name` varchar(255) COLLATE utf8mb3_croatian_ci DEFAULT NULL,
  `date` varchar(255) COLLATE utf8mb3_croatian_ci DEFAULT NULL,
  `image` varchar(255) COLLATE utf8mb3_croatian_ci DEFAULT NULL,
  `tea_id` varchar(255) COLLATE utf8mb3_croatian_ci DEFAULT NULL,
  `tea_name` varchar(255) COLLATE utf8mb3_croatian_ci DEFAULT NULL,
  PRIMARY KEY (`id`)
) ENGINE=InnoDB DEFAULT CHARSET=utf8mb3 COLLATE=utf8mb3_croatian_ci;

DELETE FROM `a_give_lessons`;
INSERT INTO `a_give_lessons` (`id`, `create_by`, `create_time`, `del_flag`, `update_by`, `update_time`, `curriculum_id`, `curriculum_name`, `date`, `image`, `tea_id`, `tea_name`) VALUES
	('1636986429303296000', 'admin', '2023-03-18 15:02:33.213000', 0, NULL, NULL, '1636981798342889472', 'Java程序设计', '2023-06-16', 'https://jujia.lucheng.gov.cn/app/file/view/1621774064978890754', '1527830053524738048', '教师'),
	('1636986504914014208', 'admin', '2023-03-18 15:02:51.239000', 0, NULL, NULL, '1636981798342889472', 'Java程序设计', '2023-06-17', 'https://jujia.lucheng.gov.cn/app/file/view/1621774064978890754', '1527830053524738048', '教师'),
	('1637009277522677760', 'admin', '2023-03-18 16:33:20.660000', 0, NULL, NULL, '1636981798342889472', 'Java程序设计', '2023-06-19', 'https://jujia.lucheng.gov.cn/app/file/view/1621774064978890754', '1527830053524738048', '教师'),
	('1667351192440803328', 'admin', '2023-06-10 10:01:16.831000', 0, NULL, NULL, '1667351139185725440', 'C++程序设计', '2023-06-11', 'http://127.0.0.1:8080/zwz/file/view/1667351130927140864', '1527830053524738049', '教师B');

DROP TABLE IF EXISTS `a_log`;
CREATE TABLE IF NOT EXISTS `a_log` (
  `id` varchar(255) NOT NULL,
  `create_by` varchar(255) DEFAULT NULL,
  `create_time` datetime(6) DEFAULT NULL,
  `del_flag` int NOT NULL,
  `update_by` varchar(255) DEFAULT NULL,
  `update_time` datetime(6) DEFAULT NULL,
  `cost_time` int unsigned DEFAULT NULL,
  `ip` varchar(255) DEFAULT NULL,
  `ip_info` varchar(255) DEFAULT NULL,
  `name` varchar(255) DEFAULT NULL,
  `request_param` text,
  `request_type` varchar(255) DEFAULT NULL,
  `request_url` varchar(255) DEFAULT NULL,
  `username` varchar(255) DEFAULT NULL,
  `log_type` int DEFAULT NULL,
  `code` varchar(255) DEFAULT NULL,
  `device` varchar(255) DEFAULT NULL,
  PRIMARY KEY (`id`),
  KEY `create_time` (`create_time`) USING BTREE
) ENGINE=InnoDB DEFAULT CHARSET=utf8mb3;

DELETE FROM `a_log`;
INSERT INTO `a_log` (`id`, `create_by`, `create_time`, `del_flag`, `update_by`, `update_time`, `cost_time`, `ip`, `ip_info`, `name`, `request_param`, `request_type`, `request_url`, `username`, `log_type`, `code`, `device`) VALUES
	('1536883393592168448', NULL, '2022-06-15 09:28:50.000000', 0, NULL, '2022-06-15 09:28:50.000000', 287, '127.0.0.1', '本地测试', '登录系统', '{"password":"密码隐藏","code":"8817","saveLogin":"true","captchaId":"ef9e5437ff544c8b91d9810febcb58e7","username":"admin"}', 'POST', '/zwz/login', 'admin', 1, '', 'PC端 | Chrome 101.0.0.0 | Windows Windows 10 or Windows Server 2016'),
	('1536883393592168449', NULL, '2022-06-15 09:28:50.000000', 0, NULL, '2022-06-15 09:28:50.000000', 263, '127.0.0.1', '本地测试', '获取当前登录用户', '{}', 'GET', '/zwz/user/info', 'admin', 2, 'USER-02', 'PC端 | Chrome 101.0.0.0 | Windows Windows 10 or Windows Server 2016'),
	('1536883394787545090', NULL, '2022-06-15 09:28:50.000000', 0, NULL, '2022-06-15 09:28:50.000000', 43, '127.0.0.1', '本地测试', '查询菜单', '{}', 'GET', '/zwz/permission/getMenuList', 'admin', 2, 'PERMISSION-02', 'PC端 | Chrome 101.0.0.0 | Windows Windows 10 or Windows Server 2016'),
	('1536883395219558400', NULL, '2022-06-15 09:28:50.000000', 0, NULL, '2022-06-15 09:28:50.000000', 69, '127.0.0.1', '本地测试', '查询个人门户菜单B', '{}', 'POST', '/zwz/myDoor/getMyDoorList6', 'admin', 2, 'MY-DOOR-02', 'PC端 | Chrome 101.0.0.0 | Windows Windows 10 or Windows Server 2016'),
	('1536883401452294144', NULL, '2022-06-15 09:28:52.000000', 0, NULL, '2022-06-15 09:28:52.000000', 76, '127.0.0.1', '本地测试', '查询日志', '{"logType":"1","pageNumber":"1","endDate":"","pageSize":"15","sort":"createTime","ipInfo":"","startDate":"","key":"","order":"desc"}', 'GET', '/zwz/log/getAllByPage', 'admin', 2, 'LOG-01', 'PC端 | Chrome 101.0.0.0 | Windows Windows 10 or Windows Server 2016'),
	('1536883413934542848', NULL, '2022-06-15 09:28:54.000000', 0, NULL, '2022-06-15 09:28:54.000000', 40, '127.0.0.1', '本地测试', '查询子部门', '{}', 'GET', '/zwz/department/getByParentId', 'admin', 2, 'DEP-01', 'PC端 | Chrome 101.0.0.0 | Windows Windows 10 or Windows Server 2016'),
	('1536883415226388480', NULL, '2022-06-15 09:28:55.000000', 0, NULL, '2022-06-15 09:28:55.000000', 39, '127.0.0.1', '本地测试', '查询全部角色', '{}', 'GET', '/zwz/role/getAllList', 'admin', 2, 'ROLE-01', 'PC端 | Chrome 101.0.0.0 | Windows Windows 10 or Windows Server 2016'),
	('1536883415259942913', NULL, '2022-06-15 09:28:55.000000', 0, NULL, '2022-06-15 09:28:55.000000', 49, '127.0.0.1', '本地测试', '查询单个数据字典的值', '{}', 'GET', '/zwz/dictData/getByType/sex', 'admin', 2, 'DICT_DATA-01', 'PC端 | Chrome 101.0.0.0 | Windows Windows 10 or Windows Server 2016'),
	('1536883415280914432', NULL, '2022-06-15 09:28:55.000000', 0, NULL, '2022-06-15 09:28:55.000000', 94, '127.0.0.1', '本地测试', '查询用户', '{"pageNumber":"1","departmentId":"","nickname":"","pageSize":"20","sort":"createTime","order":"desc"}', 'GET', '/zwz/user/getUserList', 'admin', 2, 'USER-07', 'PC端 | Chrome 101.0.0.0 | Windows Windows 10 or Windows Server 2016'),
	('1536883415444492288', NULL, '2022-06-15 09:28:55.000000', 0, NULL, '2022-06-15 09:28:55.000000', 36, '127.0.0.1', '本地测试', '查询子部门', '{}', 'GET', '/zwz/department/getByParentId', 'admin', 2, 'DEP-01', 'PC端 | Chrome 101.0.0.0 | Windows Windows 10 or Windows Server 2016'),
	('1536883420095975424', NULL, '2022-06-15 09:28:56.000000', 0, NULL, '2022-06-15 09:28:56.000000', 40, '127.0.0.1', '本地测试', '查询子部门', '{}', 'GET', '/zwz/department/getByParentId', 'admin', 2, 'DEP-01', 'PC端 | Chrome 101.0.0.0 | Windows Windows 10 or Windows Server 2016'),
	('1536883420171472896', NULL, '2022-06-15 09:28:56.000000', 0, NULL, '2022-06-15 09:28:56.000000', 58, '127.0.0.1', '本地测试', '查询用户', '{"pageNumber":"1","departmentId":"","pageSize":"10","sort":"createTime","order":"desc"}', 'GET', '/zwz/myUser/getByPage', 'admin', 2, 'USER-01', 'PC端 | Chrome 101.0.0.0 | Windows Windows 10 or Windows Server 2016'),
	('1536883421131968513', NULL, '2022-06-15 09:28:56.000000', 0, NULL, '2022-06-15 09:28:56.000000', 38, '127.0.0.1', '本地测试', '查询子部门', '{}', 'GET', '/zwz/department/getByParentId', 'admin', 2, 'DEP-01', 'PC端 | Chrome 101.0.0.0 | Windows Windows 10 or Windows Server 2016'),
	('1536883423262674944', NULL, '2022-06-15 09:28:57.000000', 0, NULL, '2022-06-15 09:28:57.000000', 50, '127.0.0.1', '本地测试', '查询系统文件', '{"pageNumber":"1","endDate":"","fkey":"","name":"","pageSize":"15","sort":"createTime","type":"","startDate":"","order":"desc"}', 'GET', '/zwz/file/getByCondition', 'admin', 2, 'FILE-01', 'PC端 | Chrome 101.0.0.0 | Windows Windows 10 or Windows Server 2016'),
	('1536883424516771840', NULL, '2022-06-15 09:28:57.000000', 0, NULL, '2022-06-15 09:28:57.000000', 41, '127.0.0.1', '本地测试', '查看单个配置', '{"id":"FILE_HTTP"}', 'GET', '/zwz/setting/getOne', 'admin', 2, 'SETTING-01', 'PC端 | Chrome 101.0.0.0 | Windows Windows 10 or Windows Server 2016'),
	('1536883424516771841', NULL, '2022-06-15 09:28:57.000000', 0, NULL, '2022-06-15 09:28:57.000000', 34, '127.0.0.1', '本地测试', '查看单个配置', '{"id":"FILE_PATH"}', 'GET', '/zwz/setting/getOne', 'admin', 2, 'SETTING-01', 'PC端 | Chrome 101.0.0.0 | Windows Windows 10 or Windows Server 2016'),
	('1536883424516771842', NULL, '2022-06-15 09:28:57.000000', 0, NULL, '2022-06-15 09:28:57.000000', 44, '127.0.0.1', '本地测试', '查看单个配置', '{"id":"FILE_VIEW"}', 'GET', '/zwz/setting/getOne', 'admin', 2, 'SETTING-01', 'PC端 | Chrome 101.0.0.0 | Windows Windows 10 or Windows Server 2016'),
	('1536883426920108032', NULL, '2022-06-15 09:28:58.000000', 0, NULL, '2022-06-15 09:28:58.000000', 55, '127.0.0.1', '本地测试', '查询角色', '{"pageNumber":"1","pageSize":"15","sort":"createTime","order":"desc"}', 'GET', '/zwz/role/getAllByPage', 'admin', 2, 'ROLE-02', 'PC端 | Chrome 101.0.0.0 | Windows Windows 10 or Windows Server 2016'),
	('1536883430367825920', NULL, '2022-06-15 09:28:58.000000', 0, NULL, '2022-06-15 09:28:58.000000', 45, '127.0.0.1', '本地测试', '查询单个数据字典的值', '{}', 'GET', '/zwz/dictData/getByType/permission_type', 'admin', 2, 'DICT_DATA-01', 'PC端 | Chrome 101.0.0.0 | Windows Windows 10 or Windows Server 2016'),
	('1536883433186398208', NULL, '2022-06-15 09:28:59.000000', 0, NULL, '2022-06-15 09:28:59.000000', 43, '127.0.0.1', '本地测试', '查询日志', '{"logType":"1","pageNumber":"1","endDate":"","pageSize":"15","sort":"createTime","ipInfo":"","startDate":"","key":"","order":"desc"}', 'GET', '/zwz/log/getAllByPage', 'admin', 2, 'LOG-01', 'PC端 | Chrome 101.0.0.0 | Windows Windows 10 or Windows Server 2016'),
	('1536883444859146240', NULL, '2022-06-15 09:29:02.000000', 0, NULL, '2022-06-15 09:29:02.000000', 50, '127.0.0.1', '本地测试', '查询所有数据字典', '{}', 'GET', '/zwz/dict/getAll', 'admin', 2, 'DICT-01', 'PC端 | Chrome 101.0.0.0 | Windows Windows 10 or Windows Server 2016'),
	('1536883444947226624', NULL, '2022-06-15 09:29:02.000000', 0, NULL, '2022-06-15 09:29:02.000000', 59, '127.0.0.1', '本地测试', '查询数据字典值', '{"pageNumber":"1","name":"","pageSize":"10","sort":"sortOrder","status":"","order":"asc"}', 'GET', '/zwz/dictData/getByCondition', 'admin', 2, 'DICT_DATA-02', 'PC端 | Chrome 101.0.0.0 | Windows Windows 10 or Windows Server 2016'),
	('1536883446968881152', NULL, '2022-06-15 09:29:02.000000', 0, NULL, '2022-06-15 09:29:02.000000', 43, '127.0.0.1', '本地测试', '查询个人门户菜单B', '{}', 'POST', '/zwz/myDoor/getMyDoorList6', 'admin', 2, 'MY-DOOR-02', 'PC端 | Chrome 101.0.0.0 | Windows Windows 10 or Windows Server 2016'),
	('1536883451238682624', NULL, '2022-06-15 09:29:03.000000', 0, NULL, '2022-06-15 09:29:03.000000', 52, '127.0.0.1', '本地测试', '查询单个数据字典的值', '{}', 'GET', '/zwz/dictData/getByType/sex', 'admin', 2, 'DICT_DATA-01', 'PC端 | Chrome 101.0.0.0 | Windows Windows 10 or Windows Server 2016'),
	('1536883451347734528', NULL, '2022-06-15 09:29:03.000000', 0, NULL, '2022-06-15 09:29:03.000000', 65, '127.0.0.1', '本地测试', '查询学生', '{"pageNumber":"1","pageSize":"15","sort":"createTime","order":"desc"}', 'GET', '/zwz/student/getByPage', 'admin', 3, 'STUDENT-04', 'PC端 | Chrome 101.0.0.0 | Windows Windows 10 or Windows Server 2016'),
	('1536883452538916864', NULL, '2022-06-15 09:29:04.000000', 0, NULL, '2022-06-15 09:29:04.000000', 43, '127.0.0.1', '本地测试', '查询单个数据字典的值', '{}', 'GET', '/zwz/dictData/getByType/education', 'admin', 2, 'DICT_DATA-01', 'PC端 | Chrome 101.0.0.0 | Windows Windows 10 or Windows Server 2016'),
	('1536883453881094144', NULL, '2022-06-15 09:29:04.000000', 0, NULL, '2022-06-15 09:29:04.000000', 48, '127.0.0.1', '本地测试', '查询教师', '{"pageNumber":"1","pageSize":"15","sort":"createTime","order":"desc"}', 'GET', '/zwz/teacher/getByPage', 'admin', 3, 'TEACHER-04', 'PC端 | Chrome 101.0.0.0 | Windows Windows 10 or Windows Server 2016'),
	('1536883466526920704', NULL, '2022-06-15 09:29:07.000000', 0, NULL, '2022-06-15 09:29:07.000000', 42, '127.0.0.1', '本地测试', '查询图表数据', '{}', 'GET', '/zwz/teacher/getAntvVoList', 'admin', 4, 'CHART-01', 'PC端 | Chrome 101.0.0.0 | Windows Windows 10 or Windows Server 2016'),
	('1536883470083690496', NULL, '2022-06-15 09:29:08.000000', 0, NULL, '2022-06-15 09:29:08.000000', 46, '127.0.0.1', '本地测试', '查询个人门户菜单B', '{}', 'POST', '/zwz/myDoor/getMyDoorList6', 'admin', 2, 'MY-DOOR-02', 'PC端 | Chrome 101.0.0.0 | Windows Windows 10 or Windows Server 2016'),
	('1536883482377195520', NULL, '2022-06-15 09:29:11.000000', 0, NULL, '2022-06-15 09:29:11.000000', 41, '127.0.0.1', '本地测试', '查询日志', '{"logType":"1","pageNumber":"1","endDate":"","pageSize":"15","sort":"createTime","ipInfo":"","startDate":"","key":"","order":"desc"}', 'GET', '/zwz/log/getAllByPage', 'admin', 2, 'LOG-01', 'PC端 | Chrome 101.0.0.0 | Windows Windows 10 or Windows Server 2016'),
	('1536883484109443072', NULL, '2022-06-15 09:29:11.000000', 0, NULL, '2022-06-15 09:29:11.000000', 50, '127.0.0.1', '本地测试', '查询日志', '{"logType":"2","pageNumber":"1","endDate":"","pageSize":"15","sort":"createTime","ipInfo":"","startDate":"","key":"","order":"desc"}', 'GET', '/zwz/log/getAllByPage', 'admin', 2, 'LOG-01', 'PC端 | Chrome 101.0.0.0 | Windows Windows 10 or Windows Server 2016'),
	('1536883506003709952', NULL, '2022-06-15 09:29:16.000000', 0, NULL, '2022-06-15 09:29:16.000000', 86, '127.0.0.1', '本地测试', '查询日志', '{"logType":"3","pageNumber":"1","endDate":"","pageSize":"15","sort":"createTime","ipInfo":"","startDate":"","key":"","order":"desc"}', 'GET', '/zwz/log/getAllByPage', 'admin', 2, 'LOG-01', 'PC端 | Chrome 101.0.0.0 | Windows Windows 10 or Windows Server 2016'),
	('1536883509954744320', NULL, '2022-06-15 09:29:17.000000', 0, NULL, '2022-06-15 09:29:17.000000', 38, '127.0.0.1', '本地测试', '查询日志', '{"logType":"4","pageNumber":"1","endDate":"","pageSize":"15","sort":"createTime","ipInfo":"","startDate":"","key":"","order":"desc"}', 'GET', '/zwz/log/getAllByPage', 'admin', 2, 'LOG-01', 'PC端 | Chrome 101.0.0.0 | Windows Windows 10 or Windows Server 2016'),
	('1536883517961670656', NULL, '2022-06-15 09:29:19.000000', 0, NULL, '2022-06-15 09:29:19.000000', 39, '127.0.0.1', '本地测试', '查询日志', '{"logType":"1","pageNumber":"1","endDate":"","pageSize":"15","sort":"createTime","ipInfo":"","startDate":"","key":"","order":"desc"}', 'GET', '/zwz/log/getAllByPage', 'admin', 2, 'LOG-01', 'PC端 | Chrome 101.0.0.0 | Windows Windows 10 or Windows Server 2016'),
	('1658361809163390976', NULL, '2023-05-16 14:40:41.000000', 0, NULL, '2023-05-16 14:40:41.000000', 52, '127.0.0.1', '本地测试', '登录系统', '{"username":"admin","password":"","code":"6572","captchaId":"6720ebc919454634bec3152535dfb2f7","saveLogin":"true"}', 'POST', '/zwz/login', 'admin', 1, '', 'PC端 | Chrome 113.0.0.0 | Windows Windows 10 or Windows Server 2016'),
	('1658361810711089152', NULL, '2023-05-16 14:40:41.000000', 0, NULL, '2023-05-16 14:40:41.000000', 35, '127.0.0.1', '本地测试', '获取当前登录用户', '{}', 'GET', '/zwz/user/info', 'admin', 2, 'USER-02', 'PC端 | Chrome 113.0.0.0 | Windows Windows 10 or Windows Server 2016'),
	('1658361811726110720', NULL, '2023-05-16 14:40:41.000000', 0, NULL, '2023-05-16 14:40:41.000000', 52, '127.0.0.1', '本地测试', '查询菜单', '{}', 'GET', '/zwz/permission/getMenuList', 'admin', 2, 'PERMISSION-02', 'PC端 | Chrome 113.0.0.0 | Windows Windows 10 or Windows Server 2016'),
	('1658361814729232384', NULL, '2023-05-16 14:40:42.000000', 0, NULL, '2023-05-16 14:40:42.000000', 41, '127.0.0.1', '本地测试', '查询菜单', '{}', 'GET', '/zwz/permission/getMenuList', 'admin', 2, 'PERMISSION-02', 'PC端 | Chrome 113.0.0.0 | Windows Windows 10 or Windows Server 2016'),
	('1658361814972502016', NULL, '2023-05-16 14:40:42.000000', 0, NULL, '2023-05-16 14:40:42.000000', 66, '127.0.0.1', '本地测试', '查询个人门户菜单B', '{}', 'POST', '/zwz/myDoor/getMyDoorList6', 'admin', 2, 'MY-DOOR-02', 'PC端 | Chrome 113.0.0.0 | Windows Windows 10 or Windows Server 2016'),
	('1658362015967744000', NULL, '2023-05-16 14:41:30.000000', 0, NULL, '2023-05-16 14:41:30.000000', 56, '127.0.0.1', '本地测试', '登录系统', '{"username":"admin","password":"","code":"1340","captchaId":"c4f6841d7ddd41e591d25b969273f9a1","saveLogin":"true"}', 'POST', '/zwz/login', 'admin', 1, '', 'PC端 | Chrome 113.0.0.0 | Windows Windows 10 or Windows Server 2016'),
	('1658362016018075648', NULL, '2023-05-16 14:41:30.000000', 0, NULL, '2023-05-16 14:41:30.000000', 56, '127.0.0.1', '本地测试', '获取当前登录用户', '{}', 'GET', '/zwz/user/info', 'admin', 2, 'USER-02', 'PC端 | Chrome 113.0.0.0 | Windows Windows 10 or Windows Server 2016'),
	('1658362017679020032', NULL, '2023-05-16 14:41:31.000000', 0, NULL, '2023-05-16 14:41:31.000000', 36, '127.0.0.1', '本地测试', '查询菜单', '{}', 'GET', '/zwz/permission/getMenuList', 'admin', 2, 'PERMISSION-02', 'PC端 | Chrome 113.0.0.0 | Windows Windows 10 or Windows Server 2016'),
	('1658362018035535872', NULL, '2023-05-16 14:41:31.000000', 0, NULL, '2023-05-16 14:41:31.000000', 36, '127.0.0.1', '本地测试', '查询个人门户菜单B', '{}', 'POST', '/zwz/myDoor/getMyDoorList6', 'admin', 2, 'MY-DOOR-02', 'PC端 | Chrome 113.0.0.0 | Windows Windows 10 or Windows Server 2016'),
	('1658362039741059072', NULL, '2023-05-16 14:41:36.000000', 0, NULL, '2023-05-16 14:41:36.000000', 73, '127.0.0.1', '本地测试', '查询菜单', '{}', 'GET', '/zwz/permission/getMenuList', 'admin', 2, 'PERMISSION-02', 'PC端 | Chrome 113.0.0.0 | Windows Windows 10 or Windows Server 2016'),
	('1658362040869326848', NULL, '2023-05-16 14:41:36.000000', 0, NULL, '2023-05-16 14:41:36.000000', 51, '127.0.0.1', '本地测试', '查询个人门户菜单B', '{}', 'POST', '/zwz/myDoor/getMyDoorList6', 'admin', 2, 'MY-DOOR-02', 'PC端 | Chrome 113.0.0.0 | Windows Windows 10 or Windows Server 2016'),
	('1658362178484441088', NULL, '2023-05-16 14:42:09.000000', 0, NULL, '2023-05-16 14:42:09.000000', 70, '127.0.0.1', '本地测试', '登录系统', '{"username":"admin","password":"","code":"3716","captchaId":"81e7abf60b5e463aabee86b57f6ab460","saveLogin":"true"}', 'POST', '/zwz/login', 'admin', 1, '', 'PC端 | Chrome 113.0.0.0 | Windows Windows 10 or Windows Server 2016'),
	('1658362179835006976', NULL, '2023-05-16 14:42:09.000000', 0, NULL, '2023-05-16 14:42:09.000000', 34, '127.0.0.1', '本地测试', '获取当前登录用户', '{}', 'GET', '/zwz/user/info', 'admin', 2, 'USER-02', 'PC端 | Chrome 113.0.0.0 | Windows Windows 10 or Windows Server 2016'),
	('1658362180946497536', NULL, '2023-05-16 14:42:10.000000', 0, NULL, '2023-05-16 14:42:10.000000', 32, '127.0.0.1', '本地测试', '查询菜单', '{}', 'GET', '/zwz/permission/getMenuList', 'admin', 2, 'PERMISSION-02', 'PC端 | Chrome 113.0.0.0 | Windows Windows 10 or Windows Server 2016'),
	('1658362181504339968', NULL, '2023-05-16 14:42:10.000000', 0, NULL, '2023-05-16 14:42:10.000000', 75, '127.0.0.1', '本地测试', '查询个人门户菜单B', '{}', 'POST', '/zwz/myDoor/getMyDoorList6', 'admin', 2, 'MY-DOOR-02', 'PC端 | Chrome 113.0.0.0 | Windows Windows 10 or Windows Server 2016'),
	('1658362440305479680', NULL, '2023-05-16 14:43:11.000000', 0, NULL, '2023-05-16 14:43:11.000000', 95, '127.0.0.1', '本地测试', '登录系统', '{"username":"admin","password":"","code":"5161","captchaId":"2fccb8aec95a48199bdd35365270b793","saveLogin":"true"}', 'POST', '/zwz/login', 'admin', 1, '', 'PC端 | Chrome 113.0.0.0 | Windows Windows 10 or Windows Server 2016'),
	('1658362440364199936', NULL, '2023-05-16 14:43:11.000000', 0, NULL, '2023-05-16 14:43:11.000000', 91, '127.0.0.1', '本地测试', '获取当前登录用户', '{}', 'GET', '/zwz/user/info', 'admin', 2, 'USER-02', 'PC端 | Chrome 113.0.0.0 | Windows Windows 10 or Windows Server 2016'),
	('1658362442188722185', NULL, '2023-05-16 14:43:12.000000', 0, NULL, '2023-05-16 14:43:12.000000', 49, '127.0.0.1', '本地测试', '查询个人门户菜单B', '{}', 'POST', '/zwz/myDoor/getMyDoorList6', 'admin', 2, 'MY-DOOR-02', 'PC端 | Chrome 113.0.0.0 | Windows Windows 10 or Windows Server 2016'),
	('1658362442406825984', NULL, '2023-05-16 14:43:12.000000', 0, NULL, '2023-05-16 14:43:12.000000', 97, '127.0.0.1', '本地测试', '查询菜单', '{}', 'GET', '/zwz/permission/getMenuList', 'admin', 2, 'PERMISSION-02', 'PC端 | Chrome 113.0.0.0 | Windows Windows 10 or Windows Server 2016'),
	('1658362452213108736', NULL, '2023-05-16 14:43:14.000000', 0, NULL, '2023-05-16 14:43:14.000000', 51, '127.0.0.1', '本地测试', '查询单个数据字典的值', '{}', 'GET', '/zwz/dictData/getByType/permission_type', 'admin', 2, 'DICT_DATA-01', 'PC端 | Chrome 113.0.0.0 | Windows Windows 10 or Windows Server 2016'),
	('1658362452355715072', NULL, '2023-05-16 14:43:14.000000', 0, NULL, '2023-05-16 14:43:14.000000', 72, '127.0.0.1', '本地测试', '查询全部菜单', '{}', 'GET', '/zwz/permission/getAllList', 'admin', 2, 'PERMISSION-04', 'PC端 | Chrome 113.0.0.0 | Windows Windows 10 or Windows Server 2016'),
	('1658362463428677632', NULL, '2023-05-16 14:43:17.000000', 0, NULL, '2023-05-16 14:43:17.000000', 93, '127.0.0.1', '本地测试', '查询角色', '{"pageNumber":"1","pageSize":"15","sort":"createTime","order":"desc"}', 'GET', '/zwz/role/getAllByPage', 'admin', 2, 'ROLE-02', 'PC端 | Chrome 113.0.0.0 | Windows Windows 10 or Windows Server 2016'),
	('1658362494080651264', NULL, '2023-05-16 14:43:24.000000', 0, NULL, '2023-05-16 14:43:24.000000', 100, '127.0.0.1', '本地测试', '修改菜单权限', '{"roleId":"1536606659751841799","permIds":"125909152017944576,1464484663442673664,5129710648430594,56309618086776832,1530689602321518592,1535166438371889152,5129710648430593,40238597734928384,5129710648430595,41363147411427328,1536599942410407936,1536600125332393984,1536600268379131904,1536604417711804416,1536606273959759872,1536606372668510208,1536606464712511488,1536606550951596032,1536606637815631872,1536875505901506560"}', 'POST', '/zwz/role/editRolePerm', 'admin', 2, 'ROLE-04', 'PC端 | Chrome 113.0.0.0 | Windows Windows 10 or Windows Server 2016'),
	('1658362495276027904', NULL, '2023-05-16 14:43:24.000000', 0, NULL, '2023-05-16 14:43:24.000000', 65, '127.0.0.1', '本地测试', '查询菜单', '{}', 'GET', '/zwz/permission/getMenuList', 'admin', 2, 'PERMISSION-02', 'PC端 | Chrome 113.0.0.0 | Windows Windows 10 or Windows Server 2016'),
	('1658362495976476673', NULL, '2023-05-16 14:43:25.000000', 0, NULL, '2023-05-16 14:43:25.000000', 54, '127.0.0.1', '本地测试', '查询角色', '{"pageNumber":"1","pageSize":"15","sort":"createTime","order":"desc"}', 'GET', '/zwz/role/getAllByPage', 'admin', 2, 'ROLE-02', 'PC端 | Chrome 113.0.0.0 | Windows Windows 10 or Windows Server 2016'),
	('1658362497784221696', NULL, '2023-05-16 14:43:25.000000', 0, NULL, '2023-05-16 14:43:25.000000', 43, '127.0.0.1', '本地测试', '查询单个数据字典的值', '{}', 'GET', '/zwz/dictData/getByType/permission_type', 'admin', 2, 'DICT_DATA-01', 'PC端 | Chrome 113.0.0.0 | Windows Windows 10 or Windows Server 2016'),
	('1658362514016178176', NULL, '2023-05-16 14:43:29.000000', 0, NULL, '2023-05-16 14:43:29.000000', 52, '127.0.0.1', '本地测试', '删除菜单', '{"ids":"1464485105081913345,1464485485316542465,5129710648430592,1530689520276738048,39915540965232640,1535166254703316992"}', 'POST', '/zwz/permission/delByIds', 'admin', 2, 'PERMISSION-05', 'PC端 | Chrome 113.0.0.0 | Windows Windows 10 or Windows Server 2016'),
	('1658362515098308608', NULL, '2023-05-16 14:43:29.000000', 0, NULL, '2023-05-16 14:43:29.000000', 54, '127.0.0.1', '本地测试', '查询菜单', '{}', 'GET', '/zwz/permission/getMenuList', 'admin', 2, 'PERMISSION-02', 'PC端 | Chrome 113.0.0.0 | Windows Windows 10 or Windows Server 2016'),
	('1658362515542904832', NULL, '2023-05-16 14:43:29.000000', 0, NULL, '2023-05-16 14:43:29.000000', 43, '127.0.0.1', '本地测试', '查询单个数据字典的值', '{}', 'GET', '/zwz/dictData/getByType/permission_type', 'admin', 2, 'DICT_DATA-01', 'PC端 | Chrome 113.0.0.0 | Windows Windows 10 or Windows Server 2016'),
	('1658362515706482688', NULL, '2023-05-16 14:43:29.000000', 0, NULL, '2023-05-16 14:43:29.000000', 78, '127.0.0.1', '本地测试', '查询全部菜单', '{}', 'GET', '/zwz/permission/getAllList', 'admin', 2, 'PERMISSION-04', 'PC端 | Chrome 113.0.0.0 | Windows Windows 10 or Windows Server 2016'),
	('1658362741615890432', NULL, '2023-05-16 14:44:23.000000', 0, NULL, '2023-05-16 14:44:23.000000', 81, '127.0.0.1', '本地测试', '登录系统', '{"username":"admin","password":"","code":"1583","captchaId":"bc3842429d094429954a58abaade13ff","saveLogin":"true"}', 'POST', '/zwz/login', 'admin', 1, '', 'PC端 | Chrome 113.0.0.0 | Windows Windows 10 or Windows Server 2016'),
	('1658362742261813248', NULL, '2023-05-16 14:44:23.000000', 0, NULL, '2023-05-16 14:44:23.000000', 43, '127.0.0.1', '本地测试', '获取当前登录用户', '{}', 'GET', '/zwz/user/info', 'admin', 2, 'USER-02', 'PC端 | Chrome 113.0.0.0 | Windows Windows 10 or Windows Server 2016'),
	('1658362743050342400', NULL, '2023-05-16 14:44:24.000000', 0, NULL, '2023-05-16 14:44:24.000000', 58, '127.0.0.1', '本地测试', '查询菜单', '{}', 'GET', '/zwz/permission/getMenuList', 'admin', 2, 'PERMISSION-02', 'PC端 | Chrome 113.0.0.0 | Windows Windows 10 or Windows Server 2016'),
	('1658362747857014784', NULL, '2023-05-16 14:44:25.000000', 0, NULL, '2023-05-16 14:44:25.000000', 45, '127.0.0.1', '本地测试', '查询菜单', '{}', 'GET', '/zwz/permission/getMenuList', 'admin', 2, 'PERMISSION-02', 'PC端 | Chrome 113.0.0.0 | Windows Windows 10 or Windows Server 2016'),
	('1658362748788150272', NULL, '2023-05-16 14:44:25.000000', 0, NULL, '2023-05-16 14:44:25.000000', 50, '127.0.0.1', '本地测试', '查询个人门户菜单B', '{}', 'POST', '/zwz/myDoor/getMyDoorList6', 'admin', 2, 'MY-DOOR-02', 'PC端 | Chrome 113.0.0.0 | Windows Windows 10 or Windows Server 2016'),
	('1658362760645447680', NULL, '2023-05-16 14:44:28.000000', 0, NULL, '2023-05-16 14:44:28.000000', 43, '127.0.0.1', '本地测试', '查询全部角色', '{}', 'GET', '/zwz/role/getAllList', 'admin', 2, 'ROLE-01', 'PC端 | Chrome 113.0.0.0 | Windows Windows 10 or Windows Server 2016'),
	('1658362760653836288', NULL, '2023-05-16 14:44:28.000000', 0, NULL, '2023-05-16 14:44:28.000000', 77, '127.0.0.1', '本地测试', '查询单个数据字典的值', '{}', 'GET', '/zwz/dictData/getByType/sex', 'admin', 2, 'DICT_DATA-01', 'PC端 | Chrome 113.0.0.0 | Windows Windows 10 or Windows Server 2016'),
	('1658362760733528064', NULL, '2023-05-16 14:44:28.000000', 0, NULL, '2023-05-16 14:44:28.000000', 98, '127.0.0.1', '本地测试', '查询用户', '{"nickname":"","departmentId":"","pageNumber":"1","pageSize":"20","sort":"createTime","order":"desc"}', 'GET', '/zwz/user/getUserList', 'admin', 2, 'USER-07', 'PC端 | Chrome 113.0.0.0 | Windows Windows 10 or Windows Server 2016'),
	('1658362760750305280', NULL, '2023-05-16 14:44:28.000000', 0, NULL, '2023-05-16 14:44:28.000000', 98, '127.0.0.1', '本地测试', '查询子部门', '{}', 'GET', '/zwz/department/getByParentId', 'admin', 2, 'DEP-01', 'PC端 | Chrome 113.0.0.0 | Windows Windows 10 or Windows Server 2016'),
	('1658362762482552832', NULL, '2023-05-16 14:44:28.000000', 0, NULL, '2023-05-16 14:44:28.000000', 56, '127.0.0.1', '本地测试', '查询子部门', '{}', 'GET', '/zwz/department/getByParentId', 'admin', 2, 'DEP-01', 'PC端 | Chrome 113.0.0.0 | Windows Windows 10 or Windows Server 2016'),
	('1658362764198023168', NULL, '2023-05-16 14:44:29.000000', 0, NULL, '2023-05-16 14:44:29.000000', 48, '127.0.0.1', '本地测试', '查询子部门', '{}', 'GET', '/zwz/department/getByParentId', 'admin', 2, 'DEP-01', 'PC端 | Chrome 113.0.0.0 | Windows Windows 10 or Windows Server 2016'),
	('1658362765515034624', NULL, '2023-05-16 14:44:29.000000', 0, NULL, '2023-05-16 14:44:29.000000', 51, '127.0.0.1', '本地测试', '查询用户', '{"pageNumber":"1","pageSize":"10","sort":"createTime","order":"desc","departmentId":""}', 'GET', '/zwz/myUser/getByPage', 'admin', 2, 'USER-01', 'PC端 | Chrome 113.0.0.0 | Windows Windows 10 or Windows Server 2016'),
	('1658362765724749827', NULL, '2023-05-16 14:44:29.000000', 0, NULL, '2023-05-16 14:44:29.000000', 44, '127.0.0.1', '本地测试', '查询子部门', '{}', 'GET', '/zwz/department/getByParentId', 'admin', 2, 'DEP-01', 'PC端 | Chrome 113.0.0.0 | Windows Windows 10 or Windows Server 2016'),
	('1658362767855456256', NULL, '2023-05-16 14:44:29.000000', 0, NULL, '2023-05-16 14:44:29.000000', 49, '127.0.0.1', '本地测试', '查询系统文件', '{"name":"","fkey":"","type":"","pageNumber":"1","pageSize":"15","sort":"createTime","order":"desc","startDate":"","endDate":""}', 'GET', '/zwz/file/getByCondition', 'admin', 2, 'FILE-01', 'PC端 | Chrome 113.0.0.0 | Windows Windows 10 or Windows Server 2016'),
	('1658362768522350592', NULL, '2023-05-16 14:44:30.000000', 0, NULL, '2023-05-16 14:44:30.000000', 36, '127.0.0.1', '本地测试', '查看单个配置', '{"id":"FILE_PATH"}', 'GET', '/zwz/setting/getOne', 'admin', 2, 'SETTING-01', 'PC端 | Chrome 113.0.0.0 | Windows Windows 10 or Windows Server 2016'),
	('1658362769134718976', NULL, '2023-05-16 14:44:30.000000', 0, NULL, '2023-05-16 14:44:30.000000', 36, '127.0.0.1', '本地测试', '查看单个配置', '{"id":"FILE_VIEW"}', 'GET', '/zwz/setting/getOne', 'admin', 2, 'SETTING-01', 'PC端 | Chrome 113.0.0.0 | Windows Windows 10 or Windows Server 2016'),
	('1658362769134718977', NULL, '2023-05-16 14:44:30.000000', 0, NULL, '2023-05-16 14:44:30.000000', 38, '127.0.0.1', '本地测试', '查看单个配置', '{"id":"FILE_HTTP"}', 'GET', '/zwz/setting/getOne', 'admin', 2, 'SETTING-01', 'PC端 | Chrome 113.0.0.0 | Windows Windows 10 or Windows Server 2016'),
	('1658362769843556352', NULL, '2023-05-16 14:44:30.000000', 0, NULL, '2023-05-16 14:44:30.000000', 48, '127.0.0.1', '本地测试', '查询角色', '{"pageNumber":"1","pageSize":"15","sort":"createTime","order":"desc"}', 'GET', '/zwz/role/getAllByPage', 'admin', 2, 'ROLE-02', 'PC端 | Chrome 113.0.0.0 | Windows Windows 10 or Windows Server 2016'),
	('1658362771160567808', NULL, '2023-05-16 14:44:30.000000', 0, NULL, '2023-05-16 14:44:30.000000', 57, '127.0.0.1', '本地测试', '查询全部菜单', '{}', 'GET', '/zwz/permission/getAllList', 'admin', 2, 'PERMISSION-04', 'PC端 | Chrome 113.0.0.0 | Windows Windows 10 or Windows Server 2016'),
	('1658362774184660992', NULL, '2023-05-16 14:44:31.000000', 0, NULL, '2023-05-16 14:44:31.000000', 47, '127.0.0.1', '本地测试', '查询单个数据字典的值', '{}', 'GET', '/zwz/dictData/getByType/permission_type', 'admin', 2, 'DICT_DATA-01', 'PC端 | Chrome 113.0.0.0 | Windows Windows 10 or Windows Server 2016'),
	('1658362776529276928', NULL, '2023-05-16 14:44:32.000000', 0, NULL, '2023-05-16 14:44:32.000000', 49, '127.0.0.1', '本地测试', '查询日志', '{"logType":"1","pageNumber":"1","pageSize":"15","startDate":"","endDate":"","sort":"createTime","order":"desc","ipInfo":"","key":""}', 'GET', '/zwz/log/getAllByPage', 'admin', 2, 'LOG-01', 'PC端 | Chrome 113.0.0.0 | Windows Windows 10 or Windows Server 2016'),
	('1658362780228653056', NULL, '2023-05-16 14:44:32.000000', 0, NULL, '2023-05-16 14:44:32.000000', 41, '127.0.0.1', '本地测试', '查询所有数据字典', '{}', 'GET', '/zwz/dict/getAll', 'admin', 2, 'DICT-01', 'PC端 | Chrome 113.0.0.0 | Windows Windows 10 or Windows Server 2016'),
	('1658362780908130304', NULL, '2023-05-16 14:44:33.000000', 0, NULL, '2023-05-16 14:44:33.000000', 52, '127.0.0.1', '本地测试', '查询数据字典值', '{"name":"","status":"","pageNumber":"1","pageSize":"10","sort":"sortOrder","order":"asc"}', 'GET', '/zwz/dictData/getByCondition', 'admin', 2, 'DICT_DATA-02', 'PC端 | Chrome 113.0.0.0 | Windows Windows 10 or Windows Server 2016'),
	('1663718016401149952', NULL, '2023-05-31 09:24:21.000000', 0, NULL, '2023-05-31 09:24:21.000000', 420, '127.0.0.1', '本地测试', '登录系统', '{"username":"admin","password":"","code":"0124","captchaId":"a8002015ab6d42fbb9e2968b704beabf","saveLogin":"true"}', 'POST', '/zwz/login', '管理员', 1, '', 'PC端 | Chrome 113.0.0.0 | Windows Windows 10 or Windows Server 2016'),
	('1663718016598282240', NULL, '2023-05-31 09:24:21.000000', 0, NULL, '2023-05-31 09:24:21.000000', 240, '127.0.0.1', '本地测试', '获取当前登录用户', '{}', 'GET', '/zwz/user/info', '管理员', 2, 'USER-02', 'PC端 | Chrome 113.0.0.0 | Windows Windows 10 or Windows Server 2016'),
	('1663718018741571584', NULL, '2023-05-31 09:24:21.000000', 0, NULL, '2023-05-31 09:24:21.000000', 148, '127.0.0.1', '本地测试', '查询菜单', '{}', 'GET', '/zwz/permission/getMenuList', '管理员', 2, 'PERMISSION-02', 'PC端 | Chrome 113.0.0.0 | Windows Windows 10 or Windows Server 2016'),
	('1663718018997424128', NULL, '2023-05-31 09:24:21.000000', 0, NULL, '2023-05-31 09:24:21.000000', 51, '127.0.0.1', '本地测试', '查询个人门户菜单B', '{}', 'POST', '/zwz/myDoor/getMyDoorList6', '管理员', 2, 'MY-DOOR-02', 'PC端 | Chrome 113.0.0.0 | Windows Windows 10 or Windows Server 2016'),
	('1663718031622279168', NULL, '2023-05-31 09:24:24.000000', 0, NULL, '2023-05-31 09:24:24.000000', 27, '127.0.0.1', '本地测试', '查询全部角色', '{}', 'GET', '/zwz/role/getAllList', '管理员', 2, 'ROLE-01', 'PC端 | Chrome 113.0.0.0 | Windows Windows 10 or Windows Server 2016'),
	('1663718031706165248', NULL, '2023-05-31 09:24:24.000000', 0, NULL, '2023-05-31 09:24:24.000000', 44, '127.0.0.1', '本地测试', '查询单个数据字典的值', '{}', 'GET', '/zwz/dictData/getByType/sex', '管理员', 2, 'DICT_DATA-01', 'PC端 | Chrome 113.0.0.0 | Windows Windows 10 or Windows Server 2016'),
	('1663718031840382976', NULL, '2023-05-31 09:24:24.000000', 0, NULL, '2023-05-31 09:24:24.000000', 76, '127.0.0.1', '本地测试', '查询子部门', '{}', 'GET', '/zwz/department/getByParentId', '管理员', 2, 'DEP-01', 'PC端 | Chrome 113.0.0.0 | Windows Windows 10 or Windows Server 2016'),
	('1663718032024932352', NULL, '2023-05-31 09:24:24.000000', 0, NULL, '2023-05-31 09:24:24.000000', 98, '127.0.0.1', '本地测试', '查询用户', '{"nickname":"","departmentId":"","pageNumber":"1","pageSize":"20","sort":"createTime","order":"desc"}', 'GET', '/zwz/user/getUserList', '管理员', 2, 'USER-07', 'PC端 | Chrome 113.0.0.0 | Windows Windows 10 or Windows Server 2016'),
	('1663718033300000768', NULL, '2023-05-31 09:24:24.000000', 0, NULL, '2023-05-31 09:24:24.000000', 34, '127.0.0.1', '本地测试', '查询子部门', '{}', 'GET', '/zwz/department/getByParentId', '管理员', 2, 'DEP-01', 'PC端 | Chrome 113.0.0.0 | Windows Windows 10 or Windows Server 2016'),
	('1663718797590269956', NULL, '2023-05-31 09:27:26.000000', 0, NULL, '2023-05-31 09:27:26.000000', 78, '127.0.0.1', '本地测试', '查询单个数据字典的值', '{}', 'GET', '/zwz/dictData/getByType/sex', '管理员', 2, 'DICT_DATA-01', 'PC端 | Chrome 113.0.0.0 | Windows Windows 10 or Windows Server 2016'),
	('1663718815743217664', NULL, '2023-05-31 09:27:31.000000', 0, NULL, '2023-05-31 09:27:31.000000', 377, '127.0.0.1', '本地测试', '文件上传', '{}', 'POST', '/zwz/upload/file', '管理员', 2, 'FILE-06', 'PC端 | Chrome 113.0.0.0 | Windows Windows 10 or Windows Server 2016'),
	('1663718833329934337', NULL, '2023-05-31 09:27:35.000000', 0, NULL, '2023-05-31 09:27:35.000000', 35, '127.0.0.1', '本地测试', '修改用户资料', '{"id":"1464764315201572864","updateBy":"admin","updateTime":"2022-05-18 14:41:08","createBy":"","createTime":"2022-03-20 09:46:20","delFlag":"0","nickname":"管理员","username":"admin","password":"","passStrength":"弱","mobile":"17857054388","departmentId":"1464487288363945985","departmentTitle":"部门A","email":"916077357@qq.com","sex":"男","address":"[\\"330000\\",\\"330600\\",\\"330602\\"]","type":"1","myDoor":"user-adminZWZ666department-admin","status":"0","avatar":"http://127.0.0.1:8080/zwz/file/view/1663718815558668288","defaultRole":"","addressArray":"330000,330600,330602","typeTxt":"管理员"}', 'POST', '/zwz/user/edit', '管理员', 2, 'USER-05', 'PC端 | Chrome 113.0.0.0 | Windows Windows 10 or Windows Server 2016'),
	('1663718837671038976', NULL, '2023-05-31 09:27:36.000000', 0, NULL, '2023-05-31 09:27:36.000000', 31, '127.0.0.1', '本地测试', '查询菜单', '{}', 'GET', '/zwz/permission/getMenuList', '管理员', 2, 'PERMISSION-02', 'PC端 | Chrome 113.0.0.0 | Windows Windows 10 or Windows Server 2016'),
	('1663718838065303552', NULL, '2023-05-31 09:27:36.000000', 0, NULL, '2023-05-31 09:27:36.000000', 17, '127.0.0.1', '本地测试', '查询单个数据字典的值', '{}', 'GET', '/zwz/dictData/getByType/sex', '管理员', 2, 'DICT_DATA-01', 'PC端 | Chrome 113.0.0.0 | Windows Windows 10 or Windows Server 2016'),
	('1663721994606219264', NULL, '2023-05-31 09:40:09.022000', 0, NULL, '2023-05-31 09:40:09.022000', 327, '127.0.0.1', '本地测试', '查询单个数据字典的值', '{}', 'GET', '/zwz/dictData/getByType/sex', '管理员', 2, 'DICT_DATA-01', 'PC端 | Chrome 113.0.0.0 | Windows Windows 10 or Windows Server 2016'),
	('1663721994606219265', NULL, '2023-05-31 09:40:09.022000', 0, NULL, '2023-05-31 09:40:09.022000', 331, '127.0.0.1', '本地测试', '查询全部角色', '{}', 'GET', '/zwz/role/getAllList', '管理员', 2, 'ROLE-01', 'PC端 | Chrome 113.0.0.0 | Windows Windows 10 or Windows Server 2016'),
	('1663721994673328128', NULL, '2023-05-31 09:40:09.022000', 0, NULL, '2023-05-31 09:40:09.022000', 347, '127.0.0.1', '本地测试', '查询子部门', '{}', 'GET', '/zwz/department/getByParentId', '管理员', 2, 'DEP-01', 'PC端 | Chrome 113.0.0.0 | Windows Windows 10 or Windows Server 2016'),
	('1663721995101147137', NULL, '2023-05-31 09:40:09.022000', 0, NULL, '2023-05-31 09:40:09.022000', 323, '127.0.0.1', '本地测试', '查询用户', '{"nickname":"","departmentId":"","pageNumber":"1","pageSize":"20","sort":"createTime","order":"desc"}', 'GET', '/zwz/user/getUserList', '管理员', 2, 'USER-07', 'PC端 | Chrome 113.0.0.0 | Windows Windows 10 or Windows Server 2016'),
	('1663721997454151683', NULL, '2023-05-31 09:40:09.357000', 0, NULL, '2023-05-31 09:40:09.357000', 63, '127.0.0.1', '本地测试', '查询子部门', '{}', 'GET', '/zwz/department/getByParentId', '管理员', 2, 'DEP-01', 'PC端 | Chrome 113.0.0.0 | Windows Windows 10 or Windows Server 2016'),
	('1663722000998338560', NULL, '2023-05-31 09:40:10.188000', 0, NULL, '2023-05-31 09:40:10.188000', 48, '127.0.0.1', '本地测试', '查询单个数据字典的值', '{}', 'GET', '/zwz/dictData/getByType/permission_type', '管理员', 2, 'DICT_DATA-01', 'PC端 | Chrome 113.0.0.0 | Windows Windows 10 or Windows Server 2016'),
	('1663722001136750592', NULL, '2023-05-31 09:40:10.224000', 0, NULL, '2023-05-31 09:40:10.224000', 73, '127.0.0.1', '本地测试', '查询全部菜单', '{}', 'GET', '/zwz/permission/getAllList', '管理员', 2, 'PERMISSION-04', 'PC端 | Chrome 113.0.0.0 | Windows Windows 10 or Windows Server 2016'),
	('1663722016932499461', NULL, '2023-05-31 09:40:13.988000', 0, NULL, '2023-05-31 09:40:13.988000', 34, '127.0.0.1', '本地测试', '查询菜单权限拥有者', '{"permissionId":"1464484663442673664"}', 'GET', '/zwz/permission/getUserByPermission', '管理员', 2, 'PERMISSION-01', 'PC端 | Chrome 113.0.0.0 | Windows Windows 10 or Windows Server 2016'),
	('1663722052110127104', NULL, '2023-05-31 09:40:22.435000', 0, NULL, '2023-05-31 09:40:22.435000', 96, '127.0.0.1', '本地测试', '查询全部角色', '{}', 'GET', '/zwz/role/getAllList', '管理员', 2, 'ROLE-01', 'PC端 | Chrome 113.0.0.0 | Windows Windows 10 or Windows Server 2016'),
	('1663722052126904320', NULL, '2023-05-31 09:40:22.431000', 0, NULL, '2023-05-31 09:40:22.431000', 90, '127.0.0.1', '本地测试', '查询单个数据字典的值', '{}', 'GET', '/zwz/dictData/getByType/sex', '管理员', 2, 'DICT_DATA-01', 'PC端 | Chrome 113.0.0.0 | Windows Windows 10 or Windows Server 2016'),
	('1663722052131098624', NULL, '2023-05-31 09:40:22.425000', 0, NULL, '2023-05-31 09:40:22.425000', 85, '127.0.0.1', '本地测试', '查询子部门', '{}', 'GET', '/zwz/department/getByParentId', '管理员', 2, 'DEP-01', 'PC端 | Chrome 113.0.0.0 | Windows Windows 10 or Windows Server 2016'),
	('1663722052185624576', NULL, '2023-05-31 09:40:22.443000', 0, NULL, '2023-05-31 09:40:22.443000', 102, '127.0.0.1', '本地测试', '查询用户', '{"nickname":"","departmentId":"","pageNumber":"1","pageSize":"20","sort":"createTime","order":"desc"}', 'GET', '/zwz/user/getUserList', '管理员', 2, 'USER-07', 'PC端 | Chrome 113.0.0.0 | Windows Windows 10 or Windows Server 2016'),
	('1663722053234200576', NULL, '2023-05-31 09:40:22.652000', 0, NULL, '2023-05-31 09:40:22.652000', 50, '127.0.0.1', '本地测试', '查询子部门', '{}', 'GET', '/zwz/department/getByParentId', '管理员', 2, 'DEP-01', 'PC端 | Chrome 113.0.0.0 | Windows Windows 10 or Windows Server 2016'),
	('1663722116593356800', NULL, '2023-05-31 09:40:37.791000', 0, NULL, '2023-05-31 09:40:37.791000', 81, '127.0.0.1', '本地测试', '查询单个数据字典的值', '{}', 'GET', '/zwz/dictData/getByType/permission_type', '管理员', 2, 'DICT_DATA-01', 'PC端 | Chrome 113.0.0.0 | Windows Windows 10 or Windows Server 2016'),
	('1663722141062926340', NULL, '2023-05-31 09:40:43.685000', 0, NULL, '2023-05-31 09:40:43.685000', 140, '127.0.0.1', '本地测试', '查询菜单权限拥有者', '{"permissionId":"1530689602321518592"}', 'GET', '/zwz/permission/getUserByPermission', '管理员', 2, 'PERMISSION-01', 'PC端 | Chrome 113.0.0.0 | Windows Windows 10 or Windows Server 2016'),
	('1663722289725837314', NULL, '2023-05-31 09:41:19.072000', 0, NULL, '2023-05-31 09:41:19.072000', 94, '127.0.0.1', '本地测试', '查询菜单', '{}', 'GET', '/zwz/permission/getMenuList', '管理员', 2, 'PERMISSION-02', 'PC端 | Chrome 113.0.0.0 | Windows Windows 10 or Windows Server 2016'),
	('1663722291026071552', NULL, '2023-05-31 09:41:19.343000', 0, NULL, '2023-05-31 09:41:19.343000', 34, '127.0.0.1', '本地测试', '查询单个数据字典的值', '{}', 'GET', '/zwz/dictData/getByType/permission_type', '管理员', 2, 'DICT_DATA-01', 'PC端 | Chrome 113.0.0.0 | Windows Windows 10 or Windows Server 2016'),
	('1663722414946783232', NULL, '2023-05-31 09:41:48.926000', 0, NULL, '2023-05-31 09:41:48.926000', 94, '127.0.0.1', '本地测试', '登录系统', '{"username":"admin","password":"","code":"6025","captchaId":"4ed12e33e657463087424661bdd4c86b","saveLogin":"true"}', 'POST', '/zwz/login', 'admin', 1, '', 'PC端 | Chrome 113.0.0.0 | Windows Windows 10 or Windows Server 2016'),
	('1663722414946783235', NULL, '2023-05-31 09:41:48.942000', 0, NULL, '2023-05-31 09:41:48.942000', 94, '127.0.0.1', '本地测试', '获取当前登录用户', '{}', 'GET', '/zwz/user/info', 'admin', 2, 'USER-02', 'PC端 | Chrome 113.0.0.0 | Windows Windows 10 or Windows Server 2016'),
	('1663722415768866816', NULL, '2023-05-31 09:41:49.086000', 0, NULL, '2023-05-31 09:41:49.086000', 113, '127.0.0.1', '本地测试', '查询菜单', '{}', 'GET', '/zwz/permission/getMenuList', 'admin', 2, 'PERMISSION-02', 'PC端 | Chrome 113.0.0.0 | Windows Windows 10 or Windows Server 2016'),
	('1663722416666447895', NULL, '2023-05-31 09:41:49.305000', 0, NULL, '2023-05-31 09:41:49.305000', 47, '127.0.0.1', '本地测试', '查询个人门户菜单B', '{}', 'POST', '/zwz/myDoor/getMyDoorList6', 'admin', 2, 'MY-DOOR-02', 'PC端 | Chrome 113.0.0.0 | Windows Windows 10 or Windows Server 2016'),
	('1663722431740776462', NULL, '2023-05-31 09:41:52.905000', 0, NULL, '2023-05-31 09:41:52.905000', 53, '127.0.0.1', '本地测试', '查询单个数据字典的值', '{}', 'GET', '/zwz/dictData/getByType/permission_type', 'admin', 2, 'DICT_DATA-01', 'PC端 | Chrome 113.0.0.0 | Windows Windows 10 or Windows Server 2016'),
	('1663722431866605568', NULL, '2023-05-31 09:41:52.910000', 0, NULL, '2023-05-31 09:41:52.910000', 58, '127.0.0.1', '本地测试', '查询全部菜单', '{}', 'GET', '/zwz/permission/getAllList', 'admin', 2, 'PERMISSION-04', 'PC端 | Chrome 113.0.0.0 | Windows Windows 10 or Windows Server 2016'),
	('1663722441878409219', NULL, '2023-05-31 09:41:55.305000', 0, NULL, '2023-05-31 09:41:55.305000', 40, '127.0.0.1', '本地测试', '查询菜单权限拥有者', '{"permissionId":"5129710648430593"}', 'GET', '/zwz/permission/getUserByPermission', 'admin', 2, 'PERMISSION-01', 'PC端 | Chrome 113.0.0.0 | Windows Windows 10 or Windows Server 2016'),
	('1663722611194073088', NULL, '2023-05-31 09:42:35.742000', 0, NULL, '2023-05-31 09:42:35.742000', 112, '127.0.0.1', '本地测试', '查询单个数据字典的值', '{}', 'GET', '/zwz/dictData/getByType/permission_type', 'admin', 2, 'DICT_DATA-01', 'PC端 | Chrome 113.0.0.0 | Windows Windows 10 or Windows Server 2016'),
	('1663722638897451008', NULL, '2023-05-31 09:42:42.309000', 0, NULL, '2023-05-31 09:42:42.309000', 70, '127.0.0.1', '本地测试', '查询单个数据字典的值', '{}', 'GET', '/zwz/dictData/getByType/permission_type', 'admin', 2, 'DICT_DATA-01', 'PC端 | Chrome 113.0.0.0 | Windows Windows 10 or Windows Server 2016'),
	('1663722714512363531', NULL, '2023-05-31 09:43:00.350000', 0, NULL, '2023-05-31 09:43:00.350000', 76, '127.0.0.1', '本地测试', '查询单个数据字典的值', '{}', 'GET', '/zwz/dictData/getByType/permission_type', 'admin', 2, 'DICT_DATA-01', 'PC端 | Chrome 113.0.0.0 | Windows Windows 10 or Windows Server 2016'),
	('1663722747391512577', NULL, '2023-05-31 09:43:08.186000', 0, NULL, '2023-05-31 09:43:08.186000', 68, '127.0.0.1', '本地测试', '查询菜单权限拥有者', '{"permissionId":"1464484663442673664"}', 'GET', '/zwz/permission/getUserByPermission', 'admin', 2, 'PERMISSION-01', 'PC端 | Chrome 113.0.0.0 | Windows Windows 10 or Windows Server 2016'),
	('1663723238833917954', NULL, '2023-05-31 09:45:05.373000', 0, NULL, '2023-05-31 09:45:05.373000', 98, '127.0.0.1', '本地测试', '查询单个数据字典的值', '{}', 'GET', '/zwz/dictData/getByType/permission_type', 'admin', 2, 'DICT_DATA-01', 'PC端 | Chrome 113.0.0.0 | Windows Windows 10 or Windows Server 2016'),
	('1663723254378008581', NULL, '2023-05-31 09:45:09.031000', 0, NULL, '2023-05-31 09:45:09.031000', 47, '127.0.0.1', '本地测试', '查询菜单权限拥有者', '{"permissionId":"5129710648430593"}', 'GET', '/zwz/permission/getUserByPermission', 'admin', 2, 'PERMISSION-01', 'PC端 | Chrome 113.0.0.0 | Windows Windows 10 or Windows Server 2016'),
	('1663723263479648261', NULL, '2023-05-31 09:45:11.190000', 0, NULL, '2023-05-31 09:45:11.190000', 36, '127.0.0.1', '本地测试', '查询菜单权限拥有者', '{"permissionId":"1464484663442673664"}', 'GET', '/zwz/permission/getUserByPermission', 'admin', 2, 'PERMISSION-01', 'PC端 | Chrome 113.0.0.0 | Windows Windows 10 or Windows Server 2016'),
	('1663723364973416459', NULL, '2023-05-31 09:45:35.416000', 0, NULL, '2023-05-31 09:45:35.416000', 49, '127.0.0.1', '本地测试', '查询单个数据字典的值', '{}', 'GET', '/zwz/dictData/getByType/permission_type', 'admin', 2, 'DICT_DATA-01', 'PC端 | Chrome 113.0.0.0 | Windows Windows 10 or Windows Server 2016'),
	('1663723381511557125', NULL, '2023-05-31 09:45:39.326000', 0, NULL, '2023-05-31 09:45:39.326000', 31, '127.0.0.1', '本地测试', '查询菜单权限拥有者', '{"permissionId":"1464484663442673664"}', 'GET', '/zwz/permission/getUserByPermission', 'admin', 2, 'PERMISSION-01', 'PC端 | Chrome 113.0.0.0 | Windows Windows 10 or Windows Server 2016'),
	('1663723383352856577', NULL, '2023-05-31 09:45:39.749000', 0, NULL, '2023-05-31 09:45:39.749000', 31, '127.0.0.1', '本地测试', '查询菜单权限拥有者', '{"permissionId":"5129710648430593"}', 'GET', '/zwz/permission/getUserByPermission', 'admin', 2, 'PERMISSION-01', 'PC端 | Chrome 113.0.0.0 | Windows Windows 10 or Windows Server 2016'),
	('1663723433185382402', NULL, '2023-05-31 09:45:51.680000', 0, NULL, '2023-05-31 09:45:51.680000', 68, '127.0.0.1', '本地测试', '查询单个数据字典的值', '{}', 'GET', '/zwz/dictData/getByType/permission_type', 'admin', 2, 'DICT_DATA-01', 'PC端 | Chrome 113.0.0.0 | Windows Windows 10 or Windows Server 2016'),
	('1663723439489421317', NULL, '2023-05-31 09:45:53.149000', 0, NULL, '2023-05-31 09:45:53.149000', 31, '127.0.0.1', '本地测试', '查询菜单权限拥有者', '{"permissionId":"5129710648430593"}', 'GET', '/zwz/permission/getUserByPermission', 'admin', 2, 'PERMISSION-01', 'PC端 | Chrome 113.0.0.0 | Windows Windows 10 or Windows Server 2016'),
	('1663723468010688512', NULL, '2023-05-31 09:45:59.972000', 0, NULL, '2023-05-31 09:45:59.972000', 55, '127.0.0.1', '本地测试', '添加菜单', '{"icon":"","type":"1","parentId":"5129710648430593","level":"3","sortOrder":"1","buttonType":"add","status":"0","path":"无","title":"添加用户","name":"","component":""}', 'POST', '/zwz/permission/add', 'admin', 2, 'PERMISSION-06', 'PC端 | Chrome 113.0.0.0 | Windows Windows 10 or Windows Server 2016'),
	('1663723469667438608', NULL, '2023-05-31 09:46:00.350000', 0, NULL, '2023-05-31 09:46:00.350000', 20, '127.0.0.1', '本地测试', '查询单个数据字典的值', '{}', 'GET', '/zwz/dictData/getByType/permission_type', 'admin', 2, 'DICT_DATA-01', 'PC端 | Chrome 113.0.0.0 | Windows Windows 10 or Windows Server 2016'),
	('1663723469667438617', NULL, '2023-05-31 09:46:00.371000', 0, NULL, '2023-05-31 09:46:00.371000', 58, '127.0.0.1', '本地测试', '查询菜单', '{}', 'GET', '/zwz/permission/getMenuList', 'admin', 2, 'PERMISSION-02', 'PC端 | Chrome 113.0.0.0 | Windows Windows 10 or Windows Server 2016'),
	('1663723469751324681', NULL, '2023-05-31 09:46:00.398000', 0, NULL, '2023-05-31 09:46:00.398000', 83, '127.0.0.1', '本地测试', '查询全部菜单', '{}', 'GET', '/zwz/permission/getAllList', 'admin', 2, 'PERMISSION-04', 'PC端 | Chrome 113.0.0.0 | Windows Windows 10 or Windows Server 2016'),
	('1663723475614961664', NULL, '2023-05-31 09:46:01.752000', 0, NULL, '2023-05-31 09:46:01.752000', 27, '127.0.0.1', '本地测试', '查询菜单权限拥有者', '{"permissionId":"5129710648430593"}', 'GET', '/zwz/permission/getUserByPermission', 'admin', 2, 'PERMISSION-01', 'PC端 | Chrome 113.0.0.0 | Windows Windows 10 or Windows Server 2016'),
	('1663723511857942528', NULL, '2023-05-31 09:46:10.431000', 0, NULL, '2023-05-31 09:46:10.431000', 48, '127.0.0.1', '本地测试', '添加菜单', '{"icon":"","type":"1","parentId":"5129710648430593","level":"3","sortOrder":"2","buttonType":"edit","status":"0","path":"无","title":"编辑用户","name":"","component":""}', 'POST', '/zwz/permission/add', 'admin', 2, 'PERMISSION-06', 'PC端 | Chrome 113.0.0.0 | Windows Windows 10 or Windows Server 2016'),
	('1663723512948461570', NULL, '2023-05-31 09:46:10.652000', 0, NULL, '2023-05-31 09:46:10.652000', 20, '127.0.0.1', '本地测试', '查询菜单', '{}', 'GET', '/zwz/permission/getMenuList', 'admin', 2, 'PERMISSION-02', 'PC端 | Chrome 113.0.0.0 | Windows Windows 10 or Windows Server 2016'),
	('1663723513514692609', NULL, '2023-05-31 09:46:10.790000', 0, NULL, '2023-05-31 09:46:10.790000', 26, '127.0.0.1', '本地测试', '查询单个数据字典的值', '{}', 'GET', '/zwz/dictData/getByType/permission_type', 'admin', 2, 'DICT_DATA-01', 'PC端 | Chrome 113.0.0.0 | Windows Windows 10 or Windows Server 2016'),
	('1663723513640521728', NULL, '2023-05-31 09:46:10.822000', 0, NULL, '2023-05-31 09:46:10.822000', 58, '127.0.0.1', '本地测试', '查询全部菜单', '{}', 'GET', '/zwz/permission/getAllList', 'admin', 2, 'PERMISSION-04', 'PC端 | Chrome 113.0.0.0 | Windows Windows 10 or Windows Server 2016'),
	('1663723538646962176', NULL, '2023-05-31 09:46:16.812000', 0, NULL, '2023-05-31 09:46:16.812000', 58, '127.0.0.1', '本地测试', '添加菜单', '{"icon":"","type":"1","parentId":"5129710648430593","level":"3","sortOrder":"3","buttonType":"delete","status":"0","path":"无","title":"删除用户","name":"","component":""}', 'POST', '/zwz/permission/add', 'admin', 2, 'PERMISSION-06', 'PC端 | Chrome 113.0.0.0 | Windows Windows 10 or Windows Server 2016'),
	('1663723540215631890', NULL, '2023-05-31 09:46:17.153000', 0, NULL, '2023-05-31 09:46:17.153000', 20, '127.0.0.1', '本地测试', '查询单个数据字典的值', '{}', 'GET', '/zwz/dictData/getByType/permission_type', 'admin', 2, 'DICT_DATA-01', 'PC端 | Chrome 113.0.0.0 | Windows Windows 10 or Windows Server 2016'),
	('1663723540215631897', NULL, '2023-05-31 09:46:17.193000', 0, NULL, '2023-05-31 09:46:17.193000', 60, '127.0.0.1', '本地测试', '查询菜单', '{}', 'GET', '/zwz/permission/getMenuList', 'admin', 2, 'PERMISSION-02', 'PC端 | Chrome 113.0.0.0 | Windows Windows 10 or Windows Server 2016'),
	('1663723540299517961', NULL, '2023-05-31 09:46:17.188000', 0, NULL, '2023-05-31 09:46:17.188000', 55, '127.0.0.1', '本地测试', '查询全部菜单', '{}', 'GET', '/zwz/permission/getAllList', 'admin', 2, 'PERMISSION-04', 'PC端 | Chrome 113.0.0.0 | Windows Windows 10 or Windows Server 2016'),
	('1663723877039214614', NULL, '2023-05-31 09:47:37.533000', 0, NULL, '2023-05-31 09:47:37.533000', 111, '127.0.0.1', '本地测试', '查询角色', '{"pageNumber":"1","pageSize":"15","sort":"createTime","order":"desc"}', 'GET', '/zwz/role/getAllByPage', 'admin', 2, 'ROLE-02', 'PC端 | Chrome 113.0.0.0 | Windows Windows 10 or Windows Server 2016'),
	('1663723894877589504', NULL, '2023-05-31 09:47:41.722000', 0, NULL, '2023-05-31 09:47:41.722000', 64, '127.0.0.1', '本地测试', '修改菜单权限', '{"roleId":"1536606659751841799","permIds":"125909152017944576,1464484663442673664,5129710648430593,1663723467998105600,1663723511849553920,1663723538621796352,40238597734928384,5129710648430594,5129710648430595,56309618086776832,41363147411427328,1530689602321518592,1535166438371889152,1536599942410407936,1536600125332393984,1536600268379131904,1536604417711804416,1536606273959759872,1536606372668510208,1536606464712511488,1536606550951596032,1536606637815631872,1536875505901506560"}', 'POST', '/zwz/role/editRolePerm', 'admin', 2, 'ROLE-04', 'PC端 | Chrome 113.0.0.0 | Windows Windows 10 or Windows Server 2016'),
	('1663723895884222464', NULL, '2023-05-31 09:47:41.951000', 0, NULL, '2023-05-31 09:47:41.951000', 59, '127.0.0.1', '本地测试', '查询菜单', '{}', 'GET', '/zwz/permission/getMenuList', 'admin', 2, 'PERMISSION-02', 'PC端 | Chrome 113.0.0.0 | Windows Windows 10 or Windows Server 2016'),
	('1663723896471425024', NULL, '2023-05-31 09:47:42.096000', 0, NULL, '2023-05-31 09:47:42.096000', 31, '127.0.0.1', '本地测试', '查询角色', '{"pageNumber":"1","pageSize":"15","sort":"createTime","order":"desc"}', 'GET', '/zwz/role/getAllByPage', 'admin', 2, 'ROLE-02', 'PC端 | Chrome 113.0.0.0 | Windows Windows 10 or Windows Server 2016'),
	('1663723905631784960', NULL, '2023-05-31 09:47:44.282000', 0, NULL, '2023-05-31 09:47:44.282000', 29, '127.0.0.1', '本地测试', '查询菜单', '{}', 'GET', '/zwz/permission/getMenuList', 'admin', 2, 'PERMISSION-02', 'PC端 | Chrome 113.0.0.0 | Windows Windows 10 or Windows Server 2016'),
	('1663723906281902080', NULL, '2023-05-31 09:47:44.436000', 0, NULL, '2023-05-31 09:47:44.436000', 36, '127.0.0.1', '本地测试', '查询角色', '{"pageNumber":"1","pageSize":"15","sort":"createTime","order":"desc"}', 'GET', '/zwz/role/getAllByPage', 'admin', 2, 'ROLE-02', 'PC端 | Chrome 113.0.0.0 | Windows Windows 10 or Windows Server 2016'),
	('1663723975857016832', NULL, '2023-05-31 09:48:01.062000', 0, NULL, '2023-05-31 09:48:01.062000', 72, '127.0.0.1', '本地测试', '查询角色', '{"pageNumber":"1","pageSize":"15","sort":"createTime","order":"desc"}', 'GET', '/zwz/role/getAllByPage', 'admin', 2, 'ROLE-02', 'PC端 | Chrome 113.0.0.0 | Windows Windows 10 or Windows Server 2016'),
	('1663723989278789634', NULL, '2023-05-31 09:48:04.229000', 0, NULL, '2023-05-31 09:48:04.229000', 31, '127.0.0.1', '本地测试', '查看单个配置', '{"id":"FILE_PATH"}', 'GET', '/zwz/setting/getOne', 'admin', 2, 'SETTING-01', 'PC端 | Chrome 113.0.0.0 | Windows Windows 10 or Windows Server 2016'),
	('1663723989341704196', NULL, '2023-05-31 09:48:04.276000', 0, NULL, '2023-05-31 09:48:04.276000', 78, '127.0.0.1', '本地测试', '查询系统文件', '{"name":"","fkey":"","type":"","pageNumber":"1","pageSize":"15","sort":"createTime","order":"desc","startDate":"","endDate":""}', 'GET', '/zwz/file/getByCondition', 'admin', 2, 'FILE-01', 'PC端 | Chrome 113.0.0.0 | Windows Windows 10 or Windows Server 2016'),
	('1663723989933101057', NULL, '2023-05-31 09:48:04.385000', 0, NULL, '2023-05-31 09:48:04.385000', 16, '127.0.0.1', '本地测试', '查看单个配置', '{"id":"FILE_HTTP"}', 'GET', '/zwz/setting/getOne', 'admin', 2, 'SETTING-01', 'PC端 | Chrome 113.0.0.0 | Windows Windows 10 or Windows Server 2016'),
	('1663723990524497921', NULL, '2023-05-31 09:48:04.535000', 0, NULL, '2023-05-31 09:48:04.535000', 31, '127.0.0.1', '本地测试', '查看单个配置', '{"id":"FILE_VIEW"}', 'GET', '/zwz/setting/getOne', 'admin', 2, 'SETTING-01', 'PC端 | Chrome 113.0.0.0 | Windows Windows 10 or Windows Server 2016'),
	('1663724006899060736', NULL, '2023-05-31 09:48:08.432000', 0, NULL, '2023-05-31 09:48:08.432000', 43, '127.0.0.1', '本地测试', '查询子部门', '{}', 'GET', '/zwz/department/getByParentId', 'admin', 2, 'DEP-01', 'PC端 | Chrome 113.0.0.0 | Windows Windows 10 or Windows Server 2016'),
	('1663724008174129152', NULL, '2023-05-31 09:48:08.731000', 0, NULL, '2023-05-31 09:48:08.731000', 32, '127.0.0.1', '本地测试', '查询用户', '{"pageNumber":"1","pageSize":"10","sort":"createTime","order":"desc","departmentId":""}', 'GET', '/zwz/myUser/getByPage', 'admin', 2, 'USER-01', 'PC端 | Chrome 113.0.0.0 | Windows Windows 10 or Windows Server 2016'),
	('1663724008367067139', NULL, '2023-05-31 09:48:08.775000', 0, NULL, '2023-05-31 09:48:08.775000', 29, '127.0.0.1', '本地测试', '查询子部门', '{}', 'GET', '/zwz/department/getByParentId', 'admin', 2, 'DEP-01', 'PC端 | Chrome 113.0.0.0 | Windows Windows 10 or Windows Server 2016'),
	('1663724015048593412', NULL, '2023-05-31 09:48:10.373000', 0, NULL, '2023-05-31 09:48:10.373000', 20, '127.0.0.1', '本地测试', '查询全部角色', '{}', 'GET', '/zwz/role/getAllList', 'admin', 2, 'ROLE-01', 'PC端 | Chrome 113.0.0.0 | Windows Windows 10 or Windows Server 2016'),
	('1663724015048593416', NULL, '2023-05-31 09:48:10.432000', 0, NULL, '2023-05-31 09:48:10.432000', 90, '127.0.0.1', '本地测试', '查询子部门', '{}', 'GET', '/zwz/department/getByParentId', 'admin', 2, 'DEP-01', 'PC端 | Chrome 113.0.0.0 | Windows Windows 10 or Windows Server 2016'),
	('1663724015048593420', NULL, '2023-05-31 09:48:10.412000', 0, NULL, '2023-05-31 09:48:10.412000', 71, '127.0.0.1', '本地测试', '查询单个数据字典的值', '{}', 'GET', '/zwz/dictData/getByType/sex', 'admin', 2, 'DICT_DATA-01', 'PC端 | Chrome 113.0.0.0 | Windows Windows 10 or Windows Server 2016'),
	('1663724015128285186', NULL, '2023-05-31 09:48:10.432000', 0, NULL, '2023-05-31 09:48:10.432000', 90, '127.0.0.1', '本地测试', '查询用户', '{"nickname":"","departmentId":"","pageNumber":"1","pageSize":"20","sort":"createTime","order":"desc"}', 'GET', '/zwz/user/getUserList', 'admin', 2, 'USER-07', 'PC端 | Chrome 113.0.0.0 | Windows Windows 10 or Windows Server 2016'),
	('1663724016747286528', NULL, '2023-05-31 09:48:10.787000', 0, NULL, '2023-05-31 09:48:10.787000', 46, '127.0.0.1', '本地测试', '查询子部门', '{}', 'GET', '/zwz/department/getByParentId', 'admin', 2, 'DEP-01', 'PC端 | Chrome 113.0.0.0 | Windows Windows 10 or Windows Server 2016'),
	('1663724032962465792', NULL, '2023-05-31 09:48:14.651000', 0, NULL, '2023-05-31 09:48:14.651000', 51, '127.0.0.1', '本地测试', '查询角色', '{"pageNumber":"1","pageSize":"15","sort":"createTime","order":"desc"}', 'GET', '/zwz/role/getAllByPage', 'admin', 2, 'ROLE-02', 'PC端 | Chrome 113.0.0.0 | Windows Windows 10 or Windows Server 2016'),
	('1663724034602438656', NULL, '2023-05-31 09:48:15.040000', 0, NULL, '2023-05-31 09:48:15.040000', 38, '127.0.0.1', '本地测试', '查询单个数据字典的值', '{}', 'GET', '/zwz/dictData/getByType/permission_type', 'admin', 2, 'DICT_DATA-01', 'PC端 | Chrome 113.0.0.0 | Windows Windows 10 or Windows Server 2016'),
	('1663724060896530436', NULL, '2023-05-31 09:48:21.368000', 0, NULL, '2023-05-31 09:48:21.368000', 81, '127.0.0.1', '本地测试', '查询菜单权限拥有者', '{"permissionId":"1663723467998105600"}', 'GET', '/zwz/permission/getUserByPermission', 'admin', 2, 'PERMISSION-01', 'PC端 | Chrome 113.0.0.0 | Windows Windows 10 or Windows Server 2016'),
	('1663724069318692869', NULL, '2023-05-31 09:48:23.312000', 0, NULL, '2023-05-31 09:48:23.312000', 31, '127.0.0.1', '本地测试', '查询菜单权限拥有者', '{"permissionId":"5129710648430593"}', 'GET', '/zwz/permission/getUserByPermission', 'admin', 2, 'PERMISSION-01', 'PC端 | Chrome 113.0.0.0 | Windows Windows 10 or Windows Server 2016'),
	('1663724078671990789', NULL, '2023-05-31 09:48:25.551000', 0, NULL, '2023-05-31 09:48:25.551000', 40, '127.0.0.1', '本地测试', '查询菜单权限拥有者', '{"permissionId":"40238597734928384"}', 'GET', '/zwz/permission/getUserByPermission', 'admin', 2, 'PERMISSION-01', 'PC端 | Chrome 113.0.0.0 | Windows Windows 10 or Windows Server 2016'),
	('1663724125681750016', NULL, '2023-05-31 09:48:36.811000', 0, NULL, '2023-05-31 09:48:36.811000', 94, '127.0.0.1', '本地测试', '添加菜单', '{"icon":"","type":"1","parentId":"40238597734928384","level":"3","sortOrder":"1","buttonType":"add","status":"0","path":"无","title":"添加部门","name":"","component":""}', 'POST', '/zwz/permission/add', 'admin', 2, 'PERMISSION-06', 'PC端 | Chrome 113.0.0.0 | Windows Windows 10 or Windows Server 2016'),
	('1663724127510466573', NULL, '2023-05-31 09:48:37.193000', 0, NULL, '2023-05-31 09:48:37.193000', 41, '127.0.0.1', '本地测试', '查询单个数据字典的值', '{}', 'GET', '/zwz/dictData/getByType/permission_type', 'admin', 2, 'DICT_DATA-01', 'PC端 | Chrome 113.0.0.0 | Windows Windows 10 or Windows Server 2016'),
	('1663724127510466581', NULL, '2023-05-31 09:48:37.234000', 0, NULL, '2023-05-31 09:48:37.234000', 81, '127.0.0.1', '本地测试', '查询菜单', '{}', 'GET', '/zwz/permission/getMenuList', 'admin', 2, 'PERMISSION-02', 'PC端 | Chrome 113.0.0.0 | Windows Windows 10 or Windows Server 2016'),
	('1663724127581769728', NULL, '2023-05-31 09:48:37.246000', 0, NULL, '2023-05-31 09:48:37.246000', 94, '127.0.0.1', '本地测试', '查询全部菜单', '{}', 'GET', '/zwz/permission/getAllList', 'admin', 2, 'PERMISSION-04', 'PC端 | Chrome 113.0.0.0 | Windows Windows 10 or Windows Server 2016'),
	('1663724149740277760', NULL, '2023-05-31 09:48:42.554000', 0, NULL, '2023-05-31 09:48:42.554000', 99, '127.0.0.1', '本地测试', '添加菜单', '{"icon":"","type":"1","parentId":"40238597734928384","level":"3","sortOrder":"2","buttonType":"edit","status":"0","path":"无","title":"编辑部门","name":"","component":""}', 'POST', '/zwz/permission/add', 'admin', 2, 'PERMISSION-06', 'PC端 | Chrome 113.0.0.0 | Windows Windows 10 or Windows Server 2016'),
	('1663724151581577234', NULL, '2023-05-31 09:48:42.933000', 0, NULL, '2023-05-31 09:48:42.933000', 39, '127.0.0.1', '本地测试', '查询单个数据字典的值', '{}', 'GET', '/zwz/dictData/getByType/permission_type', 'admin', 2, 'DICT_DATA-01', 'PC端 | Chrome 113.0.0.0 | Windows Windows 10 or Windows Server 2016'),
	('1663724151581577241', NULL, '2023-05-31 09:48:42.995000', 0, NULL, '2023-05-31 09:48:42.995000', 98, '127.0.0.1', '本地测试', '查询菜单', '{}', 'GET', '/zwz/permission/getMenuList', 'admin', 2, 'PERMISSION-02', 'PC端 | Chrome 113.0.0.0 | Windows Windows 10 or Windows Server 2016'),
	('1663724151661268992', NULL, '2023-05-31 09:48:42.976000', 0, NULL, '2023-05-31 09:48:42.976000', 82, '127.0.0.1', '本地测试', '查询全部菜单', '{}', 'GET', '/zwz/permission/getAllList', 'admin', 2, 'PERMISSION-04', 'PC端 | Chrome 113.0.0.0 | Windows Windows 10 or Windows Server 2016'),
	('1663724174402785280', NULL, '2023-05-31 09:48:48.415000', 0, NULL, '2023-05-31 09:48:48.415000', 80, '127.0.0.1', '本地测试', '添加菜单', '{"icon":"","type":"1","parentId":"40238597734928384","level":"3","sortOrder":"3","buttonType":"delete","status":"0","path":"无","title":"删除部门","name":"","component":""}', 'POST', '/zwz/permission/add', 'admin', 2, 'PERMISSION-06', 'PC端 | Chrome 113.0.0.0 | Windows Windows 10 or Windows Server 2016'),
	('1663724176189558784', NULL, '2023-05-31 09:48:48.792000', 0, NULL, '2023-05-31 09:48:48.792000', 35, '127.0.0.1', '本地测试', '查询单个数据字典的值', '{}', 'GET', '/zwz/dictData/getByType/permission_type', 'admin', 2, 'DICT_DATA-01', 'PC端 | Chrome 113.0.0.0 | Windows Windows 10 or Windows Server 2016'),
	('1663724176193753092', NULL, '2023-05-31 09:48:48.812000', 0, NULL, '2023-05-31 09:48:48.812000', 55, '127.0.0.1', '本地测试', '查询菜单', '{}', 'GET', '/zwz/permission/getMenuList', 'admin', 2, 'PERMISSION-02', 'PC端 | Chrome 113.0.0.0 | Windows Windows 10 or Windows Server 2016'),
	('1663724176235696137', NULL, '2023-05-31 09:48:48.855000', 0, NULL, '2023-05-31 09:48:48.855000', 98, '127.0.0.1', '本地测试', '查询全部菜单', '{}', 'GET', '/zwz/permission/getAllList', 'admin', 2, 'PERMISSION-04', 'PC端 | Chrome 113.0.0.0 | Windows Windows 10 or Windows Server 2016'),
	('1663724201527349253', NULL, '2023-05-31 09:48:54.872000', 0, NULL, '2023-05-31 09:48:54.872000', 70, '127.0.0.1', '本地测试', '查询菜单权限拥有者', '{"permissionId":"5129710648430594"}', 'GET', '/zwz/permission/getUserByPermission', 'admin', 2, 'PERMISSION-01', 'PC端 | Chrome 113.0.0.0 | Windows Windows 10 or Windows Server 2016'),
	('1663724230598070272', NULL, '2023-05-31 09:49:01.813000', 0, NULL, '2023-05-31 09:49:01.813000', 80, '127.0.0.1', '本地测试', '添加菜单', '{"icon":"","type":"1","parentId":"5129710648430594","level":"3","sortOrder":"1","buttonType":"add","status":"0","path":"无","title":"添加角色","name":"","component":""}', 'POST', '/zwz/permission/add', 'admin', 2, 'PERMISSION-06', 'PC端 | Chrome 113.0.0.0 | Windows Windows 10 or Windows Server 2016'),
	('1663724231684395010', NULL, '2023-05-31 09:49:02.037000', 0, NULL, '2023-05-31 09:49:02.037000', 45, '127.0.0.1', '本地测试', '查询菜单', '{}', 'GET', '/zwz/permission/getMenuList', 'admin', 2, 'PERMISSION-02', 'PC端 | Chrome 113.0.0.0 | Windows Windows 10 or Windows Server 2016'),
	('1663724232393232384', NULL, '2023-05-31 09:49:02.202000', 0, NULL, '2023-05-31 09:49:02.202000', 46, '127.0.0.1', '本地测试', '查询单个数据字典的值', '{}', 'GET', '/zwz/dictData/getByType/permission_type', 'admin', 2, 'DICT_DATA-01', 'PC端 | Chrome 113.0.0.0 | Windows Windows 10 or Windows Server 2016'),
	('1663724232506478592', NULL, '2023-05-31 09:49:02.264000', 0, NULL, '2023-05-31 09:49:02.264000', 108, '127.0.0.1', '本地测试', '查询全部菜单', '{}', 'GET', '/zwz/permission/getAllList', 'admin', 2, 'PERMISSION-04', 'PC端 | Chrome 113.0.0.0 | Windows Windows 10 or Windows Server 2016'),
	('1663724255348658176', NULL, '2023-05-31 09:49:07.710000', 0, NULL, '2023-05-31 09:49:07.710000', 66, '127.0.0.1', '本地测试', '添加菜单', '{"icon":"","type":"1","parentId":"5129710648430594","level":"3","sortOrder":"2","buttonType":"edit","status":"0","path":"无","title":"编辑角色","name":"","component":""}', 'POST', '/zwz/permission/add', 'admin', 2, 'PERMISSION-06', 'PC端 | Chrome 113.0.0.0 | Windows Windows 10 or Windows Server 2016'),
	('1663724257110265869', NULL, '2023-05-31 09:49:08.093000', 0, NULL, '2023-05-31 09:49:08.093000', 40, '127.0.0.1', '本地测试', '查询单个数据字典的值', '{}', 'GET', '/zwz/dictData/getByType/permission_type', 'admin', 2, 'DICT_DATA-01', 'PC端 | Chrome 113.0.0.0 | Windows Windows 10 or Windows Server 2016'),
	('1663724257110265877', NULL, '2023-05-31 09:49:08.134000', 0, NULL, '2023-05-31 09:49:08.134000', 83, '127.0.0.1', '本地测试', '查询菜单', '{}', 'GET', '/zwz/permission/getMenuList', 'admin', 2, 'PERMISSION-02', 'PC端 | Chrome 113.0.0.0 | Windows Windows 10 or Windows Server 2016'),
	('1663724257185763328', NULL, '2023-05-31 09:49:08.154000', 0, NULL, '2023-05-31 09:49:08.154000', 101, '127.0.0.1', '本地测试', '查询全部菜单', '{}', 'GET', '/zwz/permission/getAllList', 'admin', 2, 'PERMISSION-04', 'PC端 | Chrome 113.0.0.0 | Windows Windows 10 or Windows Server 2016'),
	('1663724279591735296', NULL, '2023-05-31 09:49:13.492000', 0, NULL, '2023-05-31 09:49:13.492000', 79, '127.0.0.1', '本地测试', '添加菜单', '{"icon":"","type":"1","parentId":"5129710648430594","level":"3","sortOrder":"3","buttonType":"delete","status":"0","path":"无","title":"删除角色","name":"","component":""}', 'POST', '/zwz/permission/add', 'admin', 2, 'PERMISSION-06', 'PC端 | Chrome 113.0.0.0 | Windows Windows 10 or Windows Server 2016'),
	('1663724281349148688', NULL, '2023-05-31 09:49:13.872000', 0, NULL, '2023-05-31 09:49:13.872000', 39, '127.0.0.1', '本地测试', '查询单个数据字典的值', '{}', 'GET', '/zwz/dictData/getByType/permission_type', 'admin', 2, 'DICT_DATA-01', 'PC端 | Chrome 113.0.0.0 | Windows Windows 10 or Windows Server 2016'),
	('1663724281349148697', NULL, '2023-05-31 09:49:13.908000', 0, NULL, '2023-05-31 09:49:13.908000', 75, '127.0.0.1', '本地测试', '查询菜单', '{}', 'GET', '/zwz/permission/getMenuList', 'admin', 2, 'PERMISSION-02', 'PC端 | Chrome 113.0.0.0 | Windows Windows 10 or Windows Server 2016'),
	('1663724281428840455', NULL, '2023-05-31 09:49:13.931000', 0, NULL, '2023-05-31 09:49:13.931000', 96, '127.0.0.1', '本地测试', '查询全部菜单', '{}', 'GET', '/zwz/permission/getAllList', 'admin', 2, 'PERMISSION-04', 'PC端 | Chrome 113.0.0.0 | Windows Windows 10 or Windows Server 2016'),
	('1663724286134849537', NULL, '2023-05-31 09:49:14.992000', 0, NULL, '2023-05-31 09:49:14.992000', 23, '127.0.0.1', '本地测试', '查询菜单权限拥有者', '{"permissionId":"5129710648430595"}', 'GET', '/zwz/permission/getUserByPermission', 'admin', 2, 'PERMISSION-01', 'PC端 | Chrome 113.0.0.0 | Windows Windows 10 or Windows Server 2016'),
	('1663724293940449285', NULL, '2023-05-31 09:49:16.874000', 0, NULL, '2023-05-31 09:49:16.874000', 39, '127.0.0.1', '本地测试', '查询菜单权限拥有者', '{"permissionId":"5129710648430594"}', 'GET', '/zwz/permission/getUserByPermission', 'admin', 2, 'PERMISSION-01', 'PC端 | Chrome 113.0.0.0 | Windows Windows 10 or Windows Server 2016'),
	('1663724334776193024', NULL, '2023-05-31 09:49:26.633000', 0, NULL, '2023-05-31 09:49:26.633000', 66, '127.0.0.1', '本地测试', '添加菜单', '{"icon":"","type":"1","parentId":"5129710648430594","level":"3","sortOrder":"4","buttonType":"enable","status":"0","path":"无","title":"分配角色权限","name":"","component":""}', 'POST', '/zwz/permission/add', 'admin', 2, 'PERMISSION-06', 'PC端 | Chrome 113.0.0.0 | Windows Windows 10 or Windows Server 2016'),
	('1663724336491663361', NULL, '2023-05-31 09:49:27.014000', 0, NULL, '2023-05-31 09:49:27.014000', 35, '127.0.0.1', '本地测试', '查询单个数据字典的值', '{}', 'GET', '/zwz/dictData/getByType/permission_type', 'admin', 2, 'DICT_DATA-01', 'PC端 | Chrome 113.0.0.0 | Windows Windows 10 or Windows Server 2016'),
	('1663724336495857667', NULL, '2023-05-31 09:49:27.054000', 0, NULL, '2023-05-31 09:49:27.054000', 77, '127.0.0.1', '本地测试', '查询菜单', '{}', 'GET', '/zwz/permission/getMenuList', 'admin', 2, 'PERMISSION-02', 'PC端 | Chrome 113.0.0.0 | Windows Windows 10 or Windows Server 2016'),
	('1663724336558772224', NULL, '2023-05-31 09:49:27.083000', 0, NULL, '2023-05-31 09:49:27.083000', 105, '127.0.0.1', '本地测试', '查询全部菜单', '{}', 'GET', '/zwz/permission/getAllList', 'admin', 2, 'PERMISSION-04', 'PC端 | Chrome 113.0.0.0 | Windows Windows 10 or Windows Server 2016'),
	('1663724340371394565', NULL, '2023-05-31 09:49:27.933000', 0, NULL, '2023-05-31 09:49:27.933000', 28, '127.0.0.1', '本地测试', '查询菜单权限拥有者', '{"permissionId":"5129710648430595"}', 'GET', '/zwz/permission/getUserByPermission', 'admin', 2, 'PERMISSION-01', 'PC端 | Chrome 113.0.0.0 | Windows Windows 10 or Windows Server 2016'),
	('1663724386382909441', NULL, '2023-05-31 09:49:38.973000', 0, NULL, '2023-05-31 09:49:38.973000', 98, '127.0.0.1', '本地测试', '添加菜单', '{"icon":"","type":"1","parentId":"5129710648430595","level":"3","sortOrder":"1","buttonType":"add","status":"0","path":"无","title":"添加菜单","name":"","component":""}', 'POST', '/zwz/permission/add', 'admin', 2, 'PERMISSION-06', 'PC端 | Chrome 113.0.0.0 | Windows Windows 10 or Windows Server 2016'),
	('1663724387465039874', NULL, '2023-05-31 09:49:39.173000', 0, NULL, '2023-05-31 09:49:39.173000', 40, '127.0.0.1', '本地测试', '查询菜单', '{}', 'GET', '/zwz/permission/getMenuList', 'admin', 2, 'PERMISSION-02', 'PC端 | Chrome 113.0.0.0 | Windows Windows 10 or Windows Server 2016'),
	('1663724388199043075', NULL, '2023-05-31 09:49:39.348000', 0, NULL, '2023-05-31 09:49:39.348000', 43, '127.0.0.1', '本地测试', '查询单个数据字典的值', '{}', 'GET', '/zwz/dictData/getByType/permission_type', 'admin', 2, 'DICT_DATA-01', 'PC端 | Chrome 113.0.0.0 | Windows Windows 10 or Windows Server 2016'),
	('1663724388287123456', NULL, '2023-05-31 09:49:39.416000', 0, NULL, '2023-05-31 09:49:39.416000', 110, '127.0.0.1', '本地测试', '查询全部菜单', '{}', 'GET', '/zwz/permission/getAllList', 'admin', 2, 'PERMISSION-04', 'PC端 | Chrome 113.0.0.0 | Windows Windows 10 or Windows Server 2016'),
	('1663724413931098112', NULL, '2023-05-31 09:49:45.493000', 0, NULL, '2023-05-31 09:49:45.493000', 53, '127.0.0.1', '本地测试', '添加菜单', '{"icon":"","type":"1","parentId":"5129710648430595","level":"3","sortOrder":"2","buttonType":"edit","status":"0","path":"无","title":"编辑菜单","name":"","component":""}', 'POST', '/zwz/permission/add', 'admin', 2, 'PERMISSION-06', 'PC端 | Chrome 113.0.0.0 | Windows Windows 10 or Windows Server 2016'),
	('1663724415566876677', NULL, '2023-05-31 09:49:45.854000', 0, NULL, '2023-05-31 09:49:45.854000', 25, '127.0.0.1', '本地测试', '查询单个数据字典的值', '{}', 'GET', '/zwz/dictData/getByType/permission_type', 'admin', 2, 'DICT_DATA-01', 'PC端 | Chrome 113.0.0.0 | Windows Windows 10 or Windows Server 2016'),
	('1663724415571070976', NULL, '2023-05-31 09:49:45.893000', 0, NULL, '2023-05-31 09:49:45.893000', 64, '127.0.0.1', '本地测试', '查询菜单', '{}', 'GET', '/zwz/permission/getMenuList', 'admin', 2, 'PERMISSION-02', 'PC端 | Chrome 113.0.0.0 | Windows Windows 10 or Windows Server 2016'),
	('1663724415575265301', NULL, '2023-05-31 09:49:45.909000', 0, NULL, '2023-05-31 09:49:45.909000', 79, '127.0.0.1', '本地测试', '查询全部菜单', '{}', 'GET', '/zwz/permission/getAllList', 'admin', 2, 'PERMISSION-04', 'PC端 | Chrome 113.0.0.0 | Windows Windows 10 or Windows Server 2016'),
	('1663724441454120960', NULL, '2023-05-31 09:49:52.054000', 0, NULL, '2023-05-31 09:49:52.054000', 53, '127.0.0.1', '本地测试', '添加菜单', '{"icon":"","type":"1","parentId":"5129710648430595","level":"3","sortOrder":"3","buttonType":"delete","status":"0","path":"无","title":"删除菜单","name":"","component":""}', 'POST', '/zwz/permission/add', 'admin', 2, 'PERMISSION-06', 'PC端 | Chrome 113.0.0.0 | Windows Windows 10 or Windows Server 2016'),
	('1663724443182174208', NULL, '2023-05-31 09:49:52.437000', 0, NULL, '2023-05-31 09:49:52.437000', 27, '127.0.0.1', '本地测试', '查询单个数据字典的值', '{}', 'GET', '/zwz/dictData/getByType/permission_type', 'admin', 2, 'DICT_DATA-01', 'PC端 | Chrome 113.0.0.0 | Windows Windows 10 or Windows Server 2016'),
	('1663724443194757124', NULL, '2023-05-31 09:49:52.473000', 0, NULL, '2023-05-31 09:49:52.473000', 63, '127.0.0.1', '本地测试', '查询菜单', '{}', 'GET', '/zwz/permission/getMenuList', 'admin', 2, 'PERMISSION-02', 'PC端 | Chrome 113.0.0.0 | Windows Windows 10 or Windows Server 2016'),
	('1663724443370917888', NULL, '2023-05-31 09:49:52.490000', 0, NULL, '2023-05-31 09:49:52.490000', 77, '127.0.0.1', '本地测试', '查询全部菜单', '{}', 'GET', '/zwz/permission/getAllList', 'admin', 2, 'PERMISSION-04', 'PC端 | Chrome 113.0.0.0 | Windows Windows 10 or Windows Server 2016'),
	('1663724447074488325', NULL, '2023-05-31 09:49:53.372000', 0, NULL, '2023-05-31 09:49:53.372000', 27, '127.0.0.1', '本地测试', '查询菜单权限拥有者', '{"permissionId":"56309618086776832"}', 'GET', '/zwz/permission/getUserByPermission', 'admin', 2, 'PERMISSION-01', 'PC端 | Chrome 113.0.0.0 | Windows Windows 10 or Windows Server 2016'),
	('1663724628784320512', NULL, '2023-05-31 09:50:36.715000', 0, NULL, '2023-05-31 09:50:36.715000', 49, '127.0.0.1', '本地测试', '添加菜单', '{"icon":"","type":"1","parentId":"56309618086776832","level":"3","sortOrder":"1","buttonType":"add","status":"0","path":"无","title":"上传文件","name":"","component":""}', 'POST', '/zwz/permission/add', 'admin', 2, 'PERMISSION-06', 'PC端 | Chrome 113.0.0.0 | Windows Windows 10 or Windows Server 2016'),
	('1663724629904199680', NULL, '2023-05-31 09:50:36.955000', 0, NULL, '2023-05-31 09:50:36.955000', 23, '127.0.0.1', '本地测试', '查询菜单', '{}', 'GET', '/zwz/permission/getMenuList', 'admin', 2, 'PERMISSION-02', 'PC端 | Chrome 113.0.0.0 | Windows Windows 10 or Windows Server 2016'),
	('1663724630361378819', NULL, '2023-05-31 09:50:37.064000', 0, NULL, '2023-05-31 09:50:37.064000', 22, '127.0.0.1', '本地测试', '查询单个数据字典的值', '{}', 'GET', '/zwz/dictData/getByType/permission_type', 'admin', 2, 'DICT_DATA-01', 'PC端 | Chrome 113.0.0.0 | Windows Windows 10 or Windows Server 2016'),
	('1663724630432681984', NULL, '2023-05-31 09:50:37.113000', 0, NULL, '2023-05-31 09:50:37.113000', 70, '127.0.0.1', '本地测试', '查询全部菜单', '{}', 'GET', '/zwz/permission/getAllList', 'admin', 2, 'PERMISSION-04', 'PC端 | Chrome 113.0.0.0 | Windows Windows 10 or Windows Server 2016'),
	('1663724665195073536', NULL, '2023-05-31 09:50:45.394000', 0, NULL, '2023-05-31 09:50:45.394000', 49, '127.0.0.1', '本地测试', '添加菜单', '{"icon":"","type":"1","parentId":"56309618086776832","level":"3","sortOrder":"2","buttonType":"delete","status":"0","path":"无","title":"删除文件","name":"","component":""}', 'POST', '/zwz/permission/add', 'admin', 2, 'PERMISSION-06', 'PC端 | Chrome 113.0.0.0 | Windows Windows 10 or Windows Server 2016'),
	('1663724666835046403', NULL, '2023-05-31 09:50:45.755000', 0, NULL, '2023-05-31 09:50:45.755000', 19, '127.0.0.1', '本地测试', '查询单个数据字典的值', '{}', 'GET', '/zwz/dictData/getByType/permission_type', 'admin', 2, 'DICT_DATA-01', 'PC端 | Chrome 113.0.0.0 | Windows Windows 10 or Windows Server 2016'),
	('1663724666839240704', NULL, '2023-05-31 09:50:45.792000', 0, NULL, '2023-05-31 09:50:45.792000', 43, '127.0.0.1', '本地测试', '查询菜单', '{}', 'GET', '/zwz/permission/getMenuList', 'admin', 2, 'PERMISSION-02', 'PC端 | Chrome 113.0.0.0 | Windows Windows 10 or Windows Server 2016'),
	('1663724666897960960', NULL, '2023-05-31 09:50:45.816000', 0, NULL, '2023-05-31 09:50:45.816000', 79, '127.0.0.1', '本地测试', '查询全部菜单', '{}', 'GET', '/zwz/permission/getAllList', 'admin', 2, 'PERMISSION-04', 'PC端 | Chrome 113.0.0.0 | Windows Windows 10 or Windows Server 2016'),
	('1663724670660251652', NULL, '2023-05-31 09:50:46.672000', 0, NULL, '2023-05-31 09:50:46.672000', 23, '127.0.0.1', '本地测试', '查询菜单权限拥有者', '{"permissionId":"41363147411427328"}', 'GET', '/zwz/permission/getUserByPermission', 'admin', 2, 'PERMISSION-01', 'PC端 | Chrome 113.0.0.0 | Windows Windows 10 or Windows Server 2016'),
	('1663724674019889157', NULL, '2023-05-31 09:50:47.472000', 0, NULL, '2023-05-31 09:50:47.472000', 20, '127.0.0.1', '本地测试', '查询菜单权限拥有者', '{"permissionId":"1530689602321518592"}', 'GET', '/zwz/permission/getUserByPermission', 'admin', 2, 'PERMISSION-01', 'PC端 | Chrome 113.0.0.0 | Windows Windows 10 or Windows Server 2016'),
	('1663724779993174016', NULL, '2023-05-31 09:51:12.793000', 0, NULL, '2023-05-31 09:51:12.793000', 70, '127.0.0.1', '本地测试', '添加菜单', '{"icon":"","type":"1","parentId":"1530689602321518592","level":"3","sortOrder":"1","buttonType":"add","status":"0","path":"无","title":"添加数据字典","name":"","component":""}', 'POST', '/zwz/permission/add', 'admin', 2, 'PERMISSION-06', 'PC端 | Chrome 113.0.0.0 | Windows Windows 10 or Windows Server 2016'),
	('1663724781742198789', NULL, '2023-05-31 09:51:13.172000', 0, NULL, '2023-05-31 09:51:13.172000', 39, '127.0.0.1', '本地测试', '查询单个数据字典的值', '{}', 'GET', '/zwz/dictData/getByType/permission_type', 'admin', 2, 'DICT_DATA-01', 'PC端 | Chrome 113.0.0.0 | Windows Windows 10 or Windows Server 2016'),
	('1663724781742198797', NULL, '2023-05-31 09:51:13.214000', 0, NULL, '2023-05-31 09:51:13.214000', 82, '127.0.0.1', '本地测试', '查询菜单', '{}', 'GET', '/zwz/permission/getMenuList', 'admin', 2, 'PERMISSION-02', 'PC端 | Chrome 113.0.0.0 | Windows Windows 10 or Windows Server 2016'),
	('1663724781813501952', NULL, '2023-05-31 09:51:13.214000', 0, NULL, '2023-05-31 09:51:13.214000', 82, '127.0.0.1', '本地测试', '查询全部菜单', '{}', 'GET', '/zwz/permission/getAllList', 'admin', 2, 'PERMISSION-04', 'PC端 | Chrome 113.0.0.0 | Windows Windows 10 or Windows Server 2016'),
	('1663724805117054976', NULL, '2023-05-31 09:51:18.775000', 0, NULL, '2023-05-31 09:51:18.775000', 70, '127.0.0.1', '本地测试', '添加菜单', '{"icon":"","type":"1","parentId":"1530689602321518592","level":"3","sortOrder":"2","buttonType":"edit","status":"0","path":"无","title":"编辑数据字典","name":"","component":""}', 'POST', '/zwz/permission/add', 'admin', 2, 'PERMISSION-06', 'PC端 | Chrome 113.0.0.0 | Windows Windows 10 or Windows Server 2016'),
	('1663724806828331020', NULL, '2023-05-31 09:51:19.155000', 0, NULL, '2023-05-31 09:51:19.155000', 38, '127.0.0.1', '本地测试', '查询单个数据字典的值', '{}', 'GET', '/zwz/dictData/getByType/permission_type', 'admin', 2, 'DICT_DATA-01', 'PC端 | Chrome 113.0.0.0 | Windows Windows 10 or Windows Server 2016'),
	('1663724806828331029', NULL, '2023-05-31 09:51:19.196000', 0, NULL, '2023-05-31 09:51:19.196000', 82, '127.0.0.1', '本地测试', '查询菜单', '{}', 'GET', '/zwz/permission/getMenuList', 'admin', 2, 'PERMISSION-02', 'PC端 | Chrome 113.0.0.0 | Windows Windows 10 or Windows Server 2016'),
	('1663724806912217088', NULL, '2023-05-31 09:51:19.214000', 0, NULL, '2023-05-31 09:51:19.214000', 98, '127.0.0.1', '本地测试', '查询全部菜单', '{}', 'GET', '/zwz/permission/getAllList', 'admin', 2, 'PERMISSION-04', 'PC端 | Chrome 113.0.0.0 | Windows Windows 10 or Windows Server 2016'),
	('1663724828139589632', NULL, '2023-05-31 09:51:24.236000', 0, NULL, '2023-05-31 09:51:24.236000', 43, '127.0.0.1', '本地测试', '添加菜单', '{"icon":"","type":"1","parentId":"1530689602321518592","level":"3","sortOrder":"3","buttonType":"delete","status":"0","path":"无","title":"删除数据字典","name":"","component":""}', 'POST', '/zwz/permission/add', 'admin', 2, 'PERMISSION-06', 'PC端 | Chrome 113.0.0.0 | Windows Windows 10 or Windows Server 2016'),
	('1663724829720842244', NULL, '2023-05-31 09:51:24.608000', 0, NULL, '2023-05-31 09:51:24.608000', 36, '127.0.0.1', '本地测试', '查询单个数据字典的值', '{}', 'GET', '/zwz/dictData/getByType/permission_type', 'admin', 2, 'DICT_DATA-01', 'PC端 | Chrome 113.0.0.0 | Windows Windows 10 or Windows Server 2016'),
	('1663724829725036551', NULL, '2023-05-31 09:51:24.655000', 0, NULL, '2023-05-31 09:51:24.655000', 82, '127.0.0.1', '本地测试', '查询菜单', '{}', 'GET', '/zwz/permission/getMenuList', 'admin', 2, 'PERMISSION-02', 'PC端 | Chrome 113.0.0.0 | Windows Windows 10 or Windows Server 2016'),
	('1663724829817311232', NULL, '2023-05-31 09:51:24.670000', 0, NULL, '2023-05-31 09:51:24.670000', 97, '127.0.0.1', '本地测试', '查询全部菜单', '{}', 'GET', '/zwz/permission/getAllList', 'admin', 2, 'PERMISSION-04', 'PC端 | Chrome 113.0.0.0 | Windows Windows 10 or Windows Server 2016'),
	('1663724960046256128', NULL, '2023-05-31 09:51:55.721000', 0, NULL, '2023-05-31 09:51:55.721000', 80, '127.0.0.1', '本地测试', '查询角色', '{"pageNumber":"1","pageSize":"15","sort":"createTime","order":"desc"}', 'GET', '/zwz/role/getAllByPage', 'admin', 2, 'ROLE-02', 'PC端 | Chrome 113.0.0.0 | Windows Windows 10 or Windows Server 2016'),
	('1663725019093667840', NULL, '2023-05-31 09:52:09.792000', 0, NULL, '2023-05-31 09:52:09.792000', 89, '127.0.0.1', '本地测试', '修改菜单权限', '{"roleId":"1536606659751841799","permIds":"125909152017944576,1464484663442673664,5129710648430593,1663723467998105600,1663723511849553920,1663723538621796352,40238597734928384,1663724125664972800,1663724149731889152,1663724174398590976,5129710648430594,1663724230593875968,1663724255319298048,1663724279579152384,1663724334755221504,5129710648430595,1663724386382909440,1663724413914320896,1663724441433149440,56309618086776832,1663724628767543296,1663724665174102016,41363147411427328,1530689602321518592,1663724779984785408,1663724805096083456,1663724828114423808,1535166438371889152,1536599942410407936,1536600125332393984,1536600268379131904,1536604417711804416,1536606273959759872,1536606372668510208,1536606464712511488,1536606550951596032,1536606637815631872,1536875505901506560"}', 'POST', '/zwz/role/editRolePerm', 'admin', 2, 'ROLE-04', 'PC端 | Chrome 113.0.0.0 | Windows Windows 10 or Windows Server 2016'),
	('1663725020138049548', NULL, '2023-05-31 09:52:10.023000', 0, NULL, '2023-05-31 09:52:10.023000', 68, '127.0.0.1', '本地测试', '查询菜单', '{}', 'GET', '/zwz/permission/getMenuList', 'admin', 2, 'PERMISSION-02', 'PC端 | Chrome 113.0.0.0 | Windows Windows 10 or Windows Server 2016'),
	('1663725020813332480', NULL, '2023-05-31 09:52:10.170000', 0, NULL, '2023-05-31 09:52:10.170000', 43, '127.0.0.1', '本地测试', '查询角色', '{"pageNumber":"1","pageSize":"15","sort":"createTime","order":"desc"}', 'GET', '/zwz/role/getAllByPage', 'admin', 2, 'ROLE-02', 'PC端 | Chrome 113.0.0.0 | Windows Windows 10 or Windows Server 2016'),
	('1663725576407617540', NULL, '2023-05-31 09:54:22.677000', 0, NULL, '2023-05-31 09:54:22.677000', 78, '127.0.0.1', '本地测试', '查询子部门', '{}', 'GET', '/zwz/department/getByParentId', 'admin', 2, 'DEP-01', 'PC端 | Chrome 113.0.0.0 | Windows Windows 10 or Windows Server 2016'),
	('1663725576407617545', NULL, '2023-05-31 09:54:22.677000', 0, NULL, '2023-05-31 09:54:22.677000', 78, '127.0.0.1', '本地测试', '查询用户', '{"pageNumber":"1","pageSize":"10","sort":"createTime","order":"desc","departmentId":""}', 'GET', '/zwz/myUser/getByPage', 'admin', 2, 'USER-01', 'PC端 | Chrome 113.0.0.0 | Windows Windows 10 or Windows Server 2016'),
	('1663725578047590400', NULL, '2023-05-31 09:54:23.014000', 0, NULL, '2023-05-31 09:54:23.014000', 28, '127.0.0.1', '本地测试', '查询子部门', '{}', 'GET', '/zwz/department/getByParentId', 'admin', 2, 'DEP-01', 'PC端 | Chrome 113.0.0.0 | Windows Windows 10 or Windows Server 2016'),
	('1663725622079393792', NULL, '2023-05-31 09:54:33.548000', 0, NULL, '2023-05-31 09:54:33.548000', 67, '127.0.0.1', '本地测试', '查询子部门', '{}', 'GET', '/zwz/department/getByParentId', 'admin', 2, 'DEP-01', 'PC端 | Chrome 113.0.0.0 | Windows Windows 10 or Windows Server 2016'),
	('1663725623052472320', NULL, '2023-05-31 09:54:33.744000', 0, NULL, '2023-05-31 09:54:33.744000', 29, '127.0.0.1', '本地测试', '查询用户', '{"pageNumber":"1","pageSize":"10","sort":"createTime","order":"desc","departmentId":""}', 'GET', '/zwz/myUser/getByPage', 'admin', 2, 'USER-01', 'PC端 | Chrome 113.0.0.0 | Windows Windows 10 or Windows Server 2016'),
	('1663725623337684992', NULL, '2023-05-31 09:54:33.815000', 0, NULL, '2023-05-31 09:54:33.815000', 30, '127.0.0.1', '本地测试', '查询子部门', '{}', 'GET', '/zwz/department/getByParentId', 'admin', 2, 'DEP-01', 'PC端 | Chrome 113.0.0.0 | Windows Windows 10 or Windows Server 2016'),
	('1663725642333687808', NULL, '2023-05-31 09:54:38.345000', 0, NULL, '2023-05-31 09:54:38.345000', 30, '127.0.0.1', '本地测试', '查询菜单', '{}', 'GET', '/zwz/permission/getMenuList', 'admin', 2, 'PERMISSION-02', 'PC端 | Chrome 113.0.0.0 | Windows Windows 10 or Windows Server 2016'),
	('1663725643168354312', NULL, '2023-05-31 09:54:38.560000', 0, NULL, '2023-05-31 09:54:38.560000', 49, '127.0.0.1', '本地测试', '查询用户', '{"pageNumber":"1","pageSize":"10","sort":"createTime","order":"desc","departmentId":""}', 'GET', '/zwz/myUser/getByPage', 'admin', 2, 'USER-01', 'PC端 | Chrome 113.0.0.0 | Windows Windows 10 or Windows Server 2016'),
	('1663725643168354313', NULL, '2023-05-31 09:54:38.560000', 0, NULL, '2023-05-31 09:54:38.560000', 49, '127.0.0.1', '本地测试', '查询子部门', '{}', 'GET', '/zwz/department/getByParentId', 'admin', 2, 'DEP-01', 'PC端 | Chrome 113.0.0.0 | Windows Windows 10 or Windows Server 2016'),
	('1663725644737024005', NULL, '2023-05-31 09:54:38.924000', 0, NULL, '2023-05-31 09:54:38.924000', 33, '127.0.0.1', '本地测试', '查询子部门', '{}', 'GET', '/zwz/department/getByParentId', 'admin', 2, 'DEP-01', 'PC端 | Chrome 113.0.0.0 | Windows Windows 10 or Windows Server 2016'),
	('1663726129892167680', NULL, '2023-05-31 09:56:34.609000', 0, NULL, '2023-05-31 09:56:34.609000', 57, '127.0.0.1', '本地测试', '查询单个数据字典的值', '{}', 'GET', '/zwz/dictData/getByType/permission_type', 'admin', 2, 'DICT_DATA-01', 'PC端 | Chrome 113.0.0.0 | Windows Windows 10 or Windows Server 2016'),
	('1663726137840373762', NULL, '2023-05-31 09:56:36.475000', 0, NULL, '2023-05-31 09:56:36.475000', 23, '127.0.0.1', '本地测试', '查询菜单权限拥有者', '{"permissionId":"56309618086776832"}', 'GET', '/zwz/permission/getUserByPermission', 'admin', 2, 'PERMISSION-01', 'PC端 | Chrome 113.0.0.0 | Windows Windows 10 or Windows Server 2016'),
	('1663726175098376192', NULL, '2023-05-31 09:56:45.396000', 0, NULL, '2023-05-31 09:56:45.396000', 58, '127.0.0.1', '本地测试', '添加菜单', '{"icon":"","type":"1","parentId":"56309618086776832","level":"3","sortOrder":"3","buttonType":"enable","status":"0","path":"无","title":"文件存储配置","name":"","component":""}', 'POST', '/zwz/permission/add', 'admin', 2, 'PERMISSION-06', 'PC端 | Chrome 113.0.0.0 | Windows Windows 10 or Windows Server 2016'),
	('1663726176176312322', NULL, '2023-05-31 09:56:45.615000', 0, NULL, '2023-05-31 09:56:45.615000', 20, '127.0.0.1', '本地测试', '查询菜单', '{}', 'GET', '/zwz/permission/getMenuList', 'admin', 2, 'PERMISSION-02', 'PC端 | Chrome 113.0.0.0 | Windows Windows 10 or Windows Server 2016'),
	('1663726176813846530', NULL, '2023-05-31 09:56:45.778000', 0, NULL, '2023-05-31 09:56:45.778000', 34, '127.0.0.1', '本地测试', '查询单个数据字典的值', '{}', 'GET', '/zwz/dictData/getByType/permission_type', 'admin', 2, 'DICT_DATA-01', 'PC端 | Chrome 113.0.0.0 | Windows Windows 10 or Windows Server 2016'),
	('1663726176893538304', NULL, '2023-05-31 09:56:45.819000', 0, NULL, '2023-05-31 09:56:45.819000', 73, '127.0.0.1', '本地测试', '查询全部菜单', '{}', 'GET', '/zwz/permission/getAllList', 'admin', 2, 'PERMISSION-04', 'PC端 | Chrome 113.0.0.0 | Windows Windows 10 or Windows Server 2016'),
	('1663726177690456102', NULL, '2023-05-31 09:56:45.981000', 0, NULL, '2023-05-31 09:56:45.981000', 32, '127.0.0.1', '本地测试', '查询角色', '{"pageNumber":"1","pageSize":"15","sort":"createTime","order":"desc"}', 'GET', '/zwz/role/getAllByPage', 'admin', 2, 'ROLE-02', 'PC端 | Chrome 113.0.0.0 | Windows Windows 10 or Windows Server 2016'),
	('1663726203980353536', NULL, '2023-05-31 09:56:52.277000', 0, NULL, '2023-05-31 09:56:52.277000', 56, '127.0.0.1', '本地测试', '修改菜单权限', '{"roleId":"1536606659751841799","permIds":"125909152017944576,1464484663442673664,5129710648430593,1663723467998105600,1663723511849553920,1663723538621796352,40238597734928384,1663724125664972800,1663724149731889152,1663724174398590976,5129710648430594,1663724230593875968,1663724255319298048,1663724279579152384,1663724334755221504,5129710648430595,1663724386382909440,1663724413914320896,1663724441433149440,56309618086776832,1663724628767543296,1663724665174102016,1663726175089987584,41363147411427328,1530689602321518592,1663724779984785408,1663724805096083456,1663724828114423808,1535166438371889152,1536599942410407936,1536600125332393984,1536600268379131904,1536604417711804416,1536606273959759872,1536606372668510208,1536606464712511488,1536606550951596032,1536606637815631872,1536875505901506560"}', 'POST', '/zwz/role/editRolePerm', 'admin', 2, 'ROLE-04', 'PC端 | Chrome 113.0.0.0 | Windows Windows 10 or Windows Server 2016'),
	('1663726205037318164', NULL, '2023-05-31 09:56:52.514000', 0, NULL, '2023-05-31 09:56:52.514000', 56, '127.0.0.1', '本地测试', '查询菜单', '{}', 'GET', '/zwz/permission/getMenuList', 'admin', 2, 'PERMISSION-02', 'PC端 | Chrome 113.0.0.0 | Windows Windows 10 or Windows Server 2016'),
	('1663726205628715008', NULL, '2023-05-31 09:56:52.636000', 0, NULL, '2023-05-31 09:56:52.636000', 28, '127.0.0.1', '本地测试', '查询角色', '{"pageNumber":"1","pageSize":"15","sort":"createTime","order":"desc"}', 'GET', '/zwz/role/getAllByPage', 'admin', 2, 'ROLE-02', 'PC端 | Chrome 113.0.0.0 | Windows Windows 10 or Windows Server 2016'),
	('1663726279112921092', NULL, '2023-05-31 09:57:10.204000', 0, NULL, '2023-05-31 09:57:10.204000', 89, '127.0.0.1', '本地测试', '修改菜单权限', '{"roleId":"1536606659751841795","permIds":"125909152017944576,1464484663442673664,5129710648430593,40238597734928384,5129710648430594,5129710648430595,56309618086776832,41363147411427328,1530689602321518592,1535166438371889152,1536599942410407936,1536600125332393984,1536600268379131904,1536604417711804416,1536606273959759872,1536606372668510208,1536606464712511488,1536606550951596032,1536606637815631872,1536875505901506560"}', 'POST', '/zwz/role/editRolePerm', 'admin', 2, 'ROLE-04', 'PC端 | Chrome 113.0.0.0 | Windows Windows 10 or Windows Server 2016'),
	('1663726280870334564', NULL, '2023-05-31 09:57:10.575000', 0, NULL, '2023-05-31 09:57:10.575000', 34, '127.0.0.1', '本地测试', '查询角色', '{"pageNumber":"1","pageSize":"15","sort":"createTime","order":"desc"}', 'GET', '/zwz/role/getAllByPage', 'admin', 2, 'ROLE-02', 'PC端 | Chrome 113.0.0.0 | Windows Windows 10 or Windows Server 2016'),
	('1663726280950026250', NULL, '2023-05-31 09:57:10.635000', 0, NULL, '2023-05-31 09:57:10.635000', 94, '127.0.0.1', '本地测试', '查询菜单', '{}', 'GET', '/zwz/permission/getMenuList', 'admin', 2, 'PERMISSION-02', 'PC端 | Chrome 113.0.0.0 | Windows Windows 10 or Windows Server 2016'),
	('1663726285664423936', NULL, '2023-05-31 09:57:11.728000', 0, NULL, '2023-05-31 09:57:11.728000', 31, '127.0.0.1', '本地测试', '查询菜单', '{}', 'GET', '/zwz/permission/getMenuList', 'admin', 2, 'PERMISSION-02', 'PC端 | Chrome 113.0.0.0 | Windows Windows 10 or Windows Server 2016'),
	('1663726286377455616', NULL, '2023-05-31 09:57:11.899000', 0, NULL, '2023-05-31 09:57:11.899000', 43, '127.0.0.1', '本地测试', '查询角色', '{"pageNumber":"1","pageSize":"15","sort":"createTime","order":"desc"}', 'GET', '/zwz/role/getAllByPage', 'admin', 2, 'ROLE-02', 'PC端 | Chrome 113.0.0.0 | Windows Windows 10 or Windows Server 2016'),
	('1663726291519672320', NULL, '2023-05-31 09:57:13.122000', 0, NULL, '2023-05-31 09:57:13.122000', 27, '127.0.0.1', '本地测试', '查询全部角色', '{}', 'GET', '/zwz/role/getAllList', 'admin', 2, 'ROLE-01', 'PC端 | Chrome 113.0.0.0 | Windows Windows 10 or Windows Server 2016'),
	('1663726291528060928', NULL, '2023-05-31 09:57:13.124000', 0, NULL, '2023-05-31 09:57:13.124000', 29, '127.0.0.1', '本地测试', '查询单个数据字典的值', '{}', 'GET', '/zwz/dictData/getByType/sex', 'admin', 2, 'DICT_DATA-01', 'PC端 | Chrome 113.0.0.0 | Windows Windows 10 or Windows Server 2016'),
	('1663726291536449536', NULL, '2023-05-31 09:57:13.155000', 0, NULL, '2023-05-31 09:57:13.155000', 58, '127.0.0.1', '本地测试', '查询子部门', '{}', 'GET', '/zwz/department/getByParentId', 'admin', 2, 'DEP-01', 'PC端 | Chrome 113.0.0.0 | Windows Windows 10 or Windows Server 2016'),
	('1663726291620335616', NULL, '2023-05-31 09:57:13.175000', 0, NULL, '2023-05-31 09:57:13.175000', 74, '127.0.0.1', '本地测试', '查询用户', '{"nickname":"","departmentId":"","pageNumber":"1","pageSize":"20","sort":"createTime","order":"desc"}', 'GET', '/zwz/user/getUserList', 'admin', 2, 'USER-07', 'PC端 | Chrome 113.0.0.0 | Windows Windows 10 or Windows Server 2016'),
	('1663726291771330566', NULL, '2023-05-31 09:57:13.175000', 0, NULL, '2023-05-31 09:57:13.175000', 20, '127.0.0.1', '本地测试', '查询子部门', '{}', 'GET', '/zwz/department/getByParentId', 'admin', 2, 'DEP-01', 'PC端 | Chrome 113.0.0.0 | Windows Windows 10 or Windows Server 2016'),
	('1663726316769382400', NULL, '2023-05-31 09:57:19.175000', 0, NULL, '2023-05-31 09:57:19.175000', 60, '127.0.0.1', '本地测试', '登录系统', '{"username":"13600000001","password":"","code":"4036","captchaId":"8e8e512b4f884085967a27efab3b58eb","saveLogin":"true"}', 'POST', '/zwz/login', '13600000001', 1, '', 'PC端 | Chrome 113.0.0.0 | Windows Windows 10 or Windows Server 2016'),
	('1663726318111559682', NULL, '2023-05-31 09:57:19.455000', 0, NULL, '2023-05-31 09:57:19.455000', 21, '127.0.0.1', '本地测试', '获取当前登录用户', '{}', 'GET', '/zwz/user/info', '13600000001', 2, 'USER-02', 'PC端 | Chrome 113.0.0.0 | Windows Windows 10 or Windows Server 2016'),
	('1663726319197884416', NULL, '2023-05-31 09:57:19.715000', 0, NULL, '2023-05-31 09:57:19.715000', 39, '127.0.0.1', '本地测试', '查询菜单', '{}', 'GET', '/zwz/permission/getMenuList', '13600000001', 2, 'PERMISSION-02', 'PC端 | Chrome 113.0.0.0 | Windows Windows 10 or Windows Server 2016'),
	('1663726327871705088', NULL, '2023-05-31 09:57:21.788000', 0, NULL, '2023-05-31 09:57:21.788000', 28, '127.0.0.1', '本地测试', '查询菜单', '{}', 'GET', '/zwz/permission/getMenuList', '13600000001', 2, 'PERMISSION-02', 'PC端 | Chrome 113.0.0.0 | Windows Windows 10 or Windows Server 2016'),
	('1663726328794451968', NULL, '2023-05-31 09:57:22.008000', 0, NULL, '2023-05-31 09:57:22.008000', 34, '127.0.0.1', '本地测试', '查询个人门户菜单B', '{}', 'POST', '/zwz/myDoor/getMyDoorList6', '13600000001', 2, 'MY-DOOR-02', 'PC端 | Chrome 113.0.0.0 | Windows Windows 10 or Windows Server 2016'),
	('1663726338407796737', NULL, '2023-05-31 09:57:24.297000', 0, NULL, '2023-05-31 09:57:24.297000', 24, '127.0.0.1', '本地测试', '查询全部角色', '{}', 'GET', '/zwz/role/getAllList', '13600000001', 2, 'ROLE-01', 'PC端 | Chrome 113.0.0.0 | Windows Windows 10 or Windows Server 2016'),
	('1663726338416185344', NULL, '2023-05-31 09:57:24.316000', 0, NULL, '2023-05-31 09:57:24.316000', 44, '127.0.0.1', '本地测试', '查询单个数据字典的值', '{}', 'GET', '/zwz/dictData/getByType/sex', '13600000001', 2, 'DICT_DATA-01', 'PC端 | Chrome 113.0.0.0 | Windows Windows 10 or Windows Server 2016'),
	('1663726338445545473', NULL, '2023-05-31 09:57:24.335000', 0, NULL, '2023-05-31 09:57:24.335000', 62, '127.0.0.1', '本地测试', '查询用户', '{"nickname":"","departmentId":"","pageNumber":"1","pageSize":"20","sort":"createTime","order":"desc"}', 'GET', '/zwz/user/getUserList', '13600000001', 2, 'USER-07', 'PC端 | Chrome 113.0.0.0 | Windows Windows 10 or Windows Server 2016'),
	('1663726338445545474', NULL, '2023-05-31 09:57:24.335000', 0, NULL, '2023-05-31 09:57:24.335000', 65, '127.0.0.1', '本地测试', '查询子部门', '{}', 'GET', '/zwz/department/getByParentId', '13600000001', 2, 'DEP-01', 'PC端 | Chrome 113.0.0.0 | Windows Windows 10 or Windows Server 2016'),
	('1663726340068741123', NULL, '2023-05-31 09:57:24.694000', 0, NULL, '2023-05-31 09:57:24.694000', 25, '127.0.0.1', '本地测试', '查询子部门', '{}', 'GET', '/zwz/department/getByParentId', '13600000001', 2, 'DEP-01', 'PC端 | Chrome 113.0.0.0 | Windows Windows 10 or Windows Server 2016'),
	('1663726352794259459', NULL, '2023-05-31 09:57:27.731000', 0, NULL, '2023-05-31 09:57:27.731000', 29, '127.0.0.1', '本地测试', '查询子部门', '{}', 'GET', '/zwz/department/getByParentId', '13600000001', 2, 'DEP-01', 'PC端 | Chrome 113.0.0.0 | Windows Windows 10 or Windows Server 2016'),
	('1663726353586982912', NULL, '2023-05-31 09:57:27.919000', 0, NULL, '2023-05-31 09:57:27.919000', 34, '127.0.0.1', '本地测试', '查询用户', '{"pageNumber":"1","pageSize":"10","sort":"createTime","order":"desc","departmentId":""}', 'GET', '/zwz/myUser/getByPage', '13600000001', 2, 'USER-01', 'PC端 | Chrome 113.0.0.0 | Windows Windows 10 or Windows Server 2016'),
	('1663726354073522179', NULL, '2023-05-31 09:57:28.035000', 0, NULL, '2023-05-31 09:57:28.035000', 27, '127.0.0.1', '本地测试', '查询子部门', '{}', 'GET', '/zwz/department/getByParentId', '13600000001', 2, 'DEP-01', 'PC端 | Chrome 113.0.0.0 | Windows Windows 10 or Windows Server 2016'),
	('1663726355390533635', NULL, '2023-05-31 09:57:28.350000', 0, NULL, '2023-05-31 09:57:28.350000', 31, '127.0.0.1', '本地测试', '查询子部门', '{}', 'GET', '/zwz/department/getByParentId', '13600000001', 2, 'DEP-01', 'PC端 | Chrome 113.0.0.0 | Windows Windows 10 or Windows Server 2016'),
	('1663726356686573570', NULL, '2023-05-31 09:57:28.659000', 0, NULL, '2023-05-31 09:57:28.659000', 29, '127.0.0.1', '本地测试', '查询单个数据字典的值', '{}', 'GET', '/zwz/dictData/getByType/sex', '13600000001', 2, 'DICT_DATA-01', 'PC端 | Chrome 113.0.0.0 | Windows Windows 10 or Windows Server 2016'),
	('1663726356686573571', NULL, '2023-05-31 09:57:28.657000', 0, NULL, '2023-05-31 09:57:28.657000', 24, '127.0.0.1', '本地测试', '查询全部角色', '{}', 'GET', '/zwz/role/getAllList', '13600000001', 2, 'ROLE-01', 'PC端 | Chrome 113.0.0.0 | Windows Windows 10 or Windows Server 2016'),
	('1663726356720128001', NULL, '2023-05-31 09:57:28.663000', 0, NULL, '2023-05-31 09:57:28.663000', 29, '127.0.0.1', '本地测试', '查询用户', '{"nickname":"","departmentId":"","pageNumber":"1","pageSize":"20","sort":"createTime","order":"desc"}', 'GET', '/zwz/user/getUserList', '13600000001', 2, 'USER-07', 'PC端 | Chrome 113.0.0.0 | Windows Windows 10 or Windows Server 2016'),
	('1663726356829179907', NULL, '2023-05-31 09:57:28.689000', 0, NULL, '2023-05-31 09:57:28.689000', 27, '127.0.0.1', '本地测试', '查询子部门', '{}', 'GET', '/zwz/department/getByParentId', '13600000001', 2, 'DEP-01', 'PC端 | Chrome 113.0.0.0 | Windows Windows 10 or Windows Server 2016'),
	('1663726419626299395', NULL, '2023-05-31 09:57:43.725000', 0, NULL, '2023-05-31 09:57:43.725000', 94, '127.0.0.1', '本地测试', '查询子部门', '{}', 'GET', '/zwz/department/getByParentId', '13600000001', 2, 'DEP-01', 'PC端 | Chrome 113.0.0.0 | Windows Windows 10 or Windows Server 2016'),
	('1663726420330942466', NULL, '2023-05-31 09:57:43.845000', 0, NULL, '2023-05-31 09:57:43.845000', 40, '127.0.0.1', '本地测试', '查询单个数据字典的值', '{}', 'GET', '/zwz/dictData/getByType/sex', '13600000001', 2, 'DICT_DATA-01', 'PC端 | Chrome 113.0.0.0 | Windows Windows 10 or Windows Server 2016'),
	('1663726420523880449', NULL, '2023-05-31 09:57:43.892000', 0, NULL, '2023-05-31 09:57:43.892000', 40, '127.0.0.1', '本地测试', '查询全部角色', '{}', 'GET', '/zwz/role/getAllList', '13600000001', 2, 'ROLE-01', 'PC端 | Chrome 113.0.0.0 | Windows Windows 10 or Windows Server 2016'),
	('1663726420985253890', NULL, '2023-05-31 09:57:44.003000', 0, NULL, '2023-05-31 09:57:44.003000', 50, '127.0.0.1', '本地测试', '查询子部门', '{}', 'GET', '/zwz/department/getByParentId', '13600000001', 2, 'DEP-01', 'PC端 | Chrome 113.0.0.0 | Windows Windows 10 or Windows Server 2016'),
	('1663726421023002624', NULL, '2023-05-31 09:57:44.040000', 0, NULL, '2023-05-31 09:57:44.040000', 86, '127.0.0.1', '本地测试', '查询用户', '{"nickname":"","departmentId":"","pageNumber":"1","pageSize":"20","sort":"createTime","order":"desc"}', 'GET', '/zwz/user/getUserList', '13600000001', 2, 'USER-07', 'PC端 | Chrome 113.0.0.0 | Windows Windows 10 or Windows Server 2016'),
	('1663726431374544898', NULL, '2023-05-31 09:57:46.471000', 0, NULL, '2023-05-31 09:57:46.471000', 47, '127.0.0.1', '本地测试', '查询菜单', '{}', 'GET', '/zwz/permission/getMenuList', '13600000001', 2, 'PERMISSION-02', 'PC端 | Chrome 113.0.0.0 | Windows Windows 10 or Windows Server 2016'),
	('1663726433605914630', NULL, '2023-05-31 09:57:47.017000', 0, NULL, '2023-05-31 09:57:47.017000', 46, '127.0.0.1', '本地测试', '查询全部角色', '{}', 'GET', '/zwz/role/getAllList', '13600000001', 2, 'ROLE-01', 'PC端 | Chrome 113.0.0.0 | Windows Windows 10 or Windows Server 2016'),
	('1663726433668829190', NULL, '2023-05-31 09:57:47.017000', 0, NULL, '2023-05-31 09:57:47.017000', 46, '127.0.0.1', '本地测试', '查询单个数据字典的值', '{}', 'GET', '/zwz/dictData/getByType/sex', '13600000001', 2, 'DICT_DATA-01', 'PC端 | Chrome 113.0.0.0 | Windows Windows 10 or Windows Server 2016'),
	('1663726433668829191', NULL, '2023-05-31 09:57:47.064000', 0, NULL, '2023-05-31 09:57:47.064000', 78, '127.0.0.1', '本地测试', '查询子部门', '{}', 'GET', '/zwz/department/getByParentId', '13600000001', 2, 'DEP-01', 'PC端 | Chrome 113.0.0.0 | Windows Windows 10 or Windows Server 2016'),
	('1663726433668829200', NULL, '2023-05-31 09:57:47.064000', 0, NULL, '2023-05-31 09:57:47.064000', 93, '127.0.0.1', '本地测试', '查询用户', '{"nickname":"","departmentId":"","pageNumber":"1","pageSize":"20","sort":"createTime","order":"desc"}', 'GET', '/zwz/user/getUserList', '13600000001', 2, 'USER-07', 'PC端 | Chrome 113.0.0.0 | Windows Windows 10 or Windows Server 2016'),
	('1663726435241693189', NULL, '2023-05-31 09:57:47.408000', 0, NULL, '2023-05-31 09:57:47.408000', 47, '127.0.0.1', '本地测试', '查询子部门', '{}', 'GET', '/zwz/department/getByParentId', '13600000001', 2, 'DEP-01', 'PC端 | Chrome 113.0.0.0 | Windows Windows 10 or Windows Server 2016'),
	('1663726439121424387', NULL, '2023-05-31 09:57:48.317000', 0, NULL, '2023-05-31 09:57:48.317000', 37, '127.0.0.1', '本地测试', '查询子部门', '{}', 'GET', '/zwz/department/getByParentId', '13600000001', 2, 'DEP-01', 'PC端 | Chrome 113.0.0.0 | Windows Windows 10 or Windows Server 2016'),
	('1663726439830261765', NULL, '2023-05-31 09:57:48.498000', 0, NULL, '2023-05-31 09:57:48.498000', 39, '127.0.0.1', '本地测试', '查询用户', '{"pageNumber":"1","pageSize":"10","sort":"createTime","order":"desc","departmentId":""}', 'GET', '/zwz/myUser/getByPage', '13600000001', 2, 'USER-01', 'PC端 | Chrome 113.0.0.0 | Windows Windows 10 or Windows Server 2016'),
	('1663726440392298499', NULL, '2023-05-31 09:57:48.629000', 0, NULL, '2023-05-31 09:57:48.629000', 40, '127.0.0.1', '本地测试', '查询子部门', '{}', 'GET', '/zwz/department/getByParentId', '13600000001', 2, 'DEP-01', 'PC端 | Chrome 113.0.0.0 | Windows Windows 10 or Windows Server 2016'),
	('1663726447891714048', NULL, '2023-05-31 09:57:50.414000', 0, NULL, '2023-05-31 09:57:50.414000', 49, '127.0.0.1', '本地测试', '查询角色', '{"pageNumber":"1","pageSize":"15","sort":"createTime","order":"desc"}', 'GET', '/zwz/role/getAllByPage', '13600000001', 2, 'ROLE-02', 'PC端 | Chrome 113.0.0.0 | Windows Windows 10 or Windows Server 2016'),
	('1663726453684047922', NULL, '2023-05-31 09:57:51.797000', 0, NULL, '2023-05-31 09:57:51.797000', 40, '127.0.0.1', '本地测试', '查询单个数据字典的值', '{}', 'GET', '/zwz/dictData/getByType/permission_type', '13600000001', 2, 'DICT_DATA-01', 'PC端 | Chrome 113.0.0.0 | Windows Windows 10 or Windows Server 2016'),
	('1663726462156541957', NULL, '2023-05-31 09:57:53.815000', 0, NULL, '2023-05-31 09:57:53.815000', 38, '127.0.0.1', '本地测试', '查询菜单权限拥有者', '{"permissionId":"1663724125664972800"}', 'GET', '/zwz/permission/getUserByPermission', '13600000001', 2, 'PERMISSION-01', 'PC端 | Chrome 113.0.0.0 | Windows Windows 10 or Windows Server 2016'),
	('1663726468418637825', NULL, '2023-05-31 09:57:55.295000', 0, NULL, '2023-05-31 09:57:55.295000', 32, '127.0.0.1', '本地测试', '查询系统文件', '{"name":"","fkey":"","type":"","pageNumber":"1","pageSize":"15","sort":"createTime","order":"desc","startDate":"","endDate":""}', 'GET', '/zwz/file/getByCondition', '13600000001', 2, 'FILE-01', 'PC端 | Chrome 113.0.0.0 | Windows Windows 10 or Windows Server 2016'),
	('1663726469140058112', NULL, '2023-05-31 09:57:55.481000', 0, NULL, '2023-05-31 09:57:55.481000', 38, '127.0.0.1', '本地测试', '查看单个配置', '{"id":"FILE_PATH"}', 'GET', '/zwz/setting/getOne', '13600000001', 2, 'SETTING-01', 'PC端 | Chrome 113.0.0.0 | Windows Windows 10 or Windows Server 2016'),
	('1663726469664346112', NULL, '2023-05-31 09:57:55.608000', 0, NULL, '2023-05-31 09:57:55.608000', 40, '127.0.0.1', '本地测试', '查看单个配置', '{"id":"FILE_HTTP"}', 'GET', '/zwz/setting/getOne', '13600000001', 2, 'SETTING-01', 'PC端 | Chrome 113.0.0.0 | Windows Windows 10 or Windows Server 2016'),
	('1663726469664346113', NULL, '2023-05-31 09:57:55.642000', 0, NULL, '2023-05-31 09:57:55.642000', 74, '127.0.0.1', '本地测试', '查看单个配置', '{"id":"FILE_VIEW"}', 'GET', '/zwz/setting/getOne', '13600000001', 2, 'SETTING-01', 'PC端 | Chrome 113.0.0.0 | Windows Windows 10 or Windows Server 2016'),
	('1663726471304318976', NULL, '2023-05-31 09:57:55.991000', 0, NULL, '2023-05-31 09:57:55.991000', 46, '127.0.0.1', '本地测试', '查询日志', '{"logType":"1","pageNumber":"1","pageSize":"15","startDate":"","endDate":"","sort":"createTime","order":"desc","ipInfo":"","key":""}', 'GET', '/zwz/log/getAllByPage', '13600000001', 2, 'LOG-01', 'PC端 | Chrome 113.0.0.0 | Windows Windows 10 or Windows Server 2016'),
	('1663726477029543936', NULL, '2023-05-31 09:57:57.355000', 0, NULL, '2023-05-31 09:57:57.355000', 34, '127.0.0.1', '本地测试', '查询所有数据字典', '{}', 'GET', '/zwz/dict/getAll', '13600000001', 2, 'DICT-01', 'PC端 | Chrome 113.0.0.0 | Windows Windows 10 or Windows Server 2016'),
	('1663726477750964239', NULL, '2023-05-31 09:57:57.539000', 0, NULL, '2023-05-31 09:57:57.539000', 42, '127.0.0.1', '本地测试', '查询数据字典值', '{"name":"","status":"","pageNumber":"1","pageSize":"10","sort":"sortOrder","order":"asc"}', 'GET', '/zwz/dictData/getByCondition', '13600000001', 2, 'DICT_DATA-02', 'PC端 | Chrome 113.0.0.0 | Windows Windows 10 or Windows Server 2016'),
	('1663726492544274432', NULL, '2023-05-31 09:58:01.055000', 0, NULL, '2023-05-31 09:58:01.055000', 41, '127.0.0.1', '本地测试', '查询个人门户菜单B', '{}', 'POST', '/zwz/myDoor/getMyDoorList6', '13600000001', 2, 'MY-DOOR-02', 'PC端 | Chrome 113.0.0.0 | Windows Windows 10 or Windows Server 2016'),
	('1663726573871828992', NULL, '2023-05-31 09:58:20.497000', 0, NULL, '2023-05-31 09:58:20.497000', 83, '127.0.0.1', '本地测试', '查看单个配置', '{"id":"FILE_PATH"}', 'GET', '/zwz/setting/getOne', '13600000001', 2, 'SETTING-01', 'PC端 | Chrome 113.0.0.0 | Windows Windows 10 or Windows Server 2016'),
	('1663726573871828993', NULL, '2023-05-31 09:58:20.498000', 0, NULL, '2023-05-31 09:58:20.498000', 85, '127.0.0.1', '本地测试', '查看单个配置', '{"id":"FILE_VIEW"}', 'GET', '/zwz/setting/getOne', '13600000001', 2, 'SETTING-01', 'PC端 | Chrome 113.0.0.0 | Windows Windows 10 or Windows Server 2016'),
	('1663726573871828994', NULL, '2023-05-31 09:58:20.498000', 0, NULL, '2023-05-31 09:58:20.498000', 85, '127.0.0.1', '本地测试', '查看单个配置', '{"id":"FILE_HTTP"}', 'GET', '/zwz/setting/getOne', '13600000001', 2, 'SETTING-01', 'PC端 | Chrome 113.0.0.0 | Windows Windows 10 or Windows Server 2016'),
	('1663726573905383424', NULL, '2023-05-31 09:58:20.507000', 0, NULL, '2023-05-31 09:58:20.507000', 94, '127.0.0.1', '本地测试', '查询系统文件', '{"name":"","fkey":"","type":"","pageNumber":"1","pageSize":"15","sort":"createTime","order":"desc","startDate":"","endDate":""}', 'GET', '/zwz/file/getByCondition', '13600000001', 2, 'FILE-01', 'PC端 | Chrome 113.0.0.0 | Windows Windows 10 or Windows Server 2016'),
	('1663726597770973184', NULL, '2023-05-31 09:58:26.177000', 0, NULL, '2023-05-31 09:58:26.177000', 82, '127.0.0.1', '本地测试', '登录系统', '{"username":"admin","password":"","code":"3565","captchaId":"b15f7c8b4f0f4b8487048d4e825750e6","saveLogin":"true"}', 'POST', '/zwz/login', 'admin', 1, '', 'PC端 | Chrome 113.0.0.0 | Windows Windows 10 or Windows Server 2016'),
	('1663726599129927682', NULL, '2023-05-31 09:58:26.475000', 0, NULL, '2023-05-31 09:58:26.475000', 40, '127.0.0.1', '本地测试', '获取当前登录用户', '{}', 'GET', '/zwz/user/info', 'admin', 2, 'USER-02', 'PC端 | Chrome 113.0.0.0 | Windows Windows 10 or Windows Server 2016'),
	('1663726600140754946', NULL, '2023-05-31 09:58:26.715000', 0, NULL, '2023-05-31 09:58:26.715000', 38, '127.0.0.1', '本地测试', '查询菜单', '{}', 'GET', '/zwz/permission/getMenuList', 'admin', 2, 'PERMISSION-02', 'PC端 | Chrome 113.0.0.0 | Windows Windows 10 or Windows Server 2016'),
	('1663726603890462720', NULL, '2023-05-31 09:58:27.608000', 0, NULL, '2023-05-31 09:58:27.608000', 41, '127.0.0.1', '本地测试', '查询菜单', '{}', 'GET', '/zwz/permission/getMenuList', 'admin', 2, 'PERMISSION-02', 'PC端 | Chrome 113.0.0.0 | Windows Windows 10 or Windows Server 2016'),
	('1663726604855152640', NULL, '2023-05-31 09:58:27.839000', 0, NULL, '2023-05-31 09:58:27.839000', 54, '127.0.0.1', '本地测试', '查询个人门户菜单B', '{}', 'POST', '/zwz/myDoor/getMyDoorList6', 'admin', 2, 'MY-DOOR-02', 'PC端 | Chrome 113.0.0.0 | Windows Windows 10 or Windows Server 2016'),
	('1663726615156363314', NULL, '2023-05-31 09:58:30.301000', 0, NULL, '2023-05-31 09:58:30.301000', 43, '127.0.0.1', '本地测试', '查询单个数据字典的值', '{}', 'GET', '/zwz/dictData/getByType/permission_type', 'admin', 2, 'DICT_DATA-01', 'PC端 | Chrome 113.0.0.0 | Windows Windows 10 or Windows Server 2016'),
	('1663726619233226752', NULL, '2023-05-31 09:58:32.277000', 0, NULL, '2023-05-31 09:58:32.277000', 1034, '127.0.0.1', '本地测试', '查看单个配置', '{"id":"FILE_PATH"}', 'GET', '/zwz/setting/getOne', 'admin', 2, 'SETTING-01', 'PC端 | Chrome 113.0.0.0 | Windows Windows 10 or Windows Server 2016'),
	('1663726619266781185', NULL, '2023-05-31 09:58:31.296000', 0, NULL, '2023-05-31 09:58:31.296000', 70, '127.0.0.1', '本地测试', '查询系统文件', '{"name":"","fkey":"","type":"","pageNumber":"1","pageSize":"15","sort":"createTime","order":"desc","startDate":"","endDate":""}', 'GET', '/zwz/file/getByCondition', 'admin', 2, 'FILE-01', 'PC端 | Chrome 113.0.0.0 | Windows Windows 10 or Windows Server 2016'),
	('1663726619711377409', NULL, '2023-05-31 09:58:31.384000', 0, NULL, '2023-05-31 09:58:31.384000', 39, '127.0.0.1', '本地测试', '查看单个配置', '{"id":"FILE_HTTP"}', 'GET', '/zwz/setting/getOne', 'admin', 2, 'SETTING-01', 'PC端 | Chrome 113.0.0.0 | Windows Windows 10 or Windows Server 2016'),
	('1663726620529266688', NULL, '2023-05-31 09:58:31.568000', 0, NULL, '2023-05-31 09:58:31.568000', 33, '127.0.0.1', '本地测试', '查看单个配置', '{"id":"FILE_VIEW"}', 'GET', '/zwz/setting/getOne', 'admin', 2, 'SETTING-01', 'PC端 | Chrome 113.0.0.0 | Windows Windows 10 or Windows Server 2016'),
	('1663726644440993795', NULL, '2023-05-31 09:58:37.277000', 0, NULL, '2023-05-31 09:58:37.277000', 49, '127.0.0.1', '本地测试', '文件上传', '{}', 'POST', '/zwz/upload/file', 'admin', 2, 'FILE-06', 'PC端 | Chrome 113.0.0.0 | Windows Windows 10 or Windows Server 2016'),
	('1663726646047412227', NULL, '2023-05-31 09:58:37.656000', 0, NULL, '2023-05-31 09:58:37.656000', 39, '127.0.0.1', '本地测试', '查询系统文件', '{"name":"","fkey":"","type":"","pageNumber":"1","pageSize":"15","sort":"createTime","order":"desc","startDate":"","endDate":""}', 'GET', '/zwz/file/getByCondition', 'admin', 2, 'FILE-01', 'PC端 | Chrome 113.0.0.0 | Windows Windows 10 or Windows Server 2016'),
	('1663726667237036035', NULL, '2023-05-31 09:58:42.756000', 0, NULL, '2023-05-31 09:58:42.756000', 90, '127.0.0.1', '本地测试', '文件上传', '{}', 'POST', '/zwz/upload/file', 'admin', 2, 'FILE-06', 'PC端 | Chrome 113.0.0.0 | Windows Windows 10 or Windows Server 2016'),
	('1663726669019615239', NULL, '2023-05-31 09:58:43.137000', 0, NULL, '2023-05-31 09:58:43.137000', 40, '127.0.0.1', '本地测试', '查询系统文件', '{"name":"","fkey":"","type":"","pageNumber":"1","pageSize":"15","sort":"createTime","order":"desc","startDate":"","endDate":""}', 'GET', '/zwz/file/getByCondition', 'admin', 2, 'FILE-01', 'PC端 | Chrome 113.0.0.0 | Windows Windows 10 or Windows Server 2016'),
	('1663726703417102336', NULL, '2023-05-31 09:58:51.380000', 0, NULL, '2023-05-31 09:58:51.380000', 89, '127.0.0.1', '本地测试', '文件上传', '{}', 'POST', '/zwz/upload/file', 'admin', 2, 'FILE-06', 'PC端 | Chrome 113.0.0.0 | Windows Windows 10 or Windows Server 2016'),
	('1663726705170321417', NULL, '2023-05-31 09:58:51.757000', 0, NULL, '2023-05-31 09:58:51.757000', 40, '127.0.0.1', '本地测试', '查询系统文件', '{"name":"","fkey":"","type":"","pageNumber":"1","pageSize":"15","sort":"createTime","order":"desc","startDate":"","endDate":""}', 'GET', '/zwz/file/getByCondition', 'admin', 2, 'FILE-01', 'PC端 | Chrome 113.0.0.0 | Windows Windows 10 or Windows Server 2016'),
	('1663727083915972615', NULL, '2023-05-31 10:00:22.106000', 0, NULL, '2023-05-31 10:00:22.106000', 87, '127.0.0.1', '本地测试', '文件上传', '{}', 'POST', '/zwz/upload/file', 'admin', 2, 'FILE-06', 'PC端 | Chrome 113.0.0.0 | Windows Windows 10 or Windows Server 2016'),
	('1663727084918411274', NULL, '2023-05-31 10:00:22.296000', 0, NULL, '2023-05-31 10:00:22.296000', 40, '127.0.0.1', '本地测试', '查询系统文件', '{"name":"","fkey":"","type":"","pageNumber":"1","pageSize":"15","sort":"createTime","order":"desc","startDate":"","endDate":""}', 'GET', '/zwz/file/getByCondition', 'admin', 2, 'FILE-01', 'PC端 | Chrome 113.0.0.0 | Windows Windows 10 or Windows Server 2016'),
	('1663727107987083323', NULL, '2023-05-31 10:00:27.837000', 0, NULL, '2023-05-31 10:00:27.837000', 87, '127.0.0.1', '本地测试', '查询角色', '{"pageNumber":"1","pageSize":"15","sort":"createTime","order":"desc"}', 'GET', '/zwz/role/getAllByPage', 'admin', 2, 'ROLE-02', 'PC端 | Chrome 113.0.0.0 | Windows Windows 10 or Windows Server 2016'),
	('1663727119143931904', NULL, '2023-05-31 10:00:30.452000', 0, NULL, '2023-05-31 10:00:30.452000', 41, '127.0.0.1', '本地测试', '查询子部门', '{}', 'GET', '/zwz/department/getByParentId', 'admin', 2, 'DEP-01', 'PC端 | Chrome 113.0.0.0 | Windows Windows 10 or Windows Server 2016'),
	('1663727119865352197', NULL, '2023-05-31 10:00:30.634000', 0, NULL, '2023-05-31 10:00:30.634000', 44, '127.0.0.1', '本地测试', '查询用户', '{"pageNumber":"1","pageSize":"10","sort":"createTime","order":"desc","departmentId":""}', 'GET', '/zwz/myUser/getByPage', 'admin', 2, 'USER-01', 'PC端 | Chrome 113.0.0.0 | Windows Windows 10 or Windows Server 2016'),
	('1663727120423194624', NULL, '2023-05-31 10:00:30.758000', 0, NULL, '2023-05-31 10:00:30.758000', 40, '127.0.0.1', '本地测试', '查询子部门', '{}', 'GET', '/zwz/department/getByParentId', 'admin', 2, 'DEP-01', 'PC端 | Chrome 113.0.0.0 | Windows Windows 10 or Windows Server 2016'),
	('1663727120628715521', NULL, '2023-05-31 10:00:30.808000', 0, NULL, '2023-05-31 10:00:30.808000', 41, '127.0.0.1', '本地测试', '查询系统文件', '{"name":"","fkey":"","type":"","pageNumber":"1","pageSize":"15","sort":"createTime","order":"desc","startDate":"","endDate":""}', 'GET', '/zwz/file/getByCondition', 'admin', 2, 'FILE-01', 'PC端 | Chrome 113.0.0.0 | Windows Windows 10 or Windows Server 2016'),
	('1663727120825847808', NULL, '2023-05-31 10:00:30.882000', 0, NULL, '2023-05-31 10:00:30.882000', 64, '127.0.0.1', '本地测试', '查看单个配置', '{"id":"FILE_PATH"}', 'GET', '/zwz/setting/getOne', 'admin', 2, 'SETTING-01', 'PC端 | Chrome 113.0.0.0 | Windows Windows 10 or Windows Server 2016'),
	('1663727120825847809', NULL, '2023-05-31 10:00:30.900000', 0, NULL, '2023-05-31 10:00:30.900000', 81, '127.0.0.1', '本地测试', '查看单个配置', '{"id":"FILE_VIEW"}', 'GET', '/zwz/setting/getOne', 'admin', 2, 'SETTING-01', 'PC端 | Chrome 113.0.0.0 | Windows Windows 10 or Windows Server 2016'),
	('1663727120825847810', NULL, '2023-05-31 10:00:30.854000', 0, NULL, '2023-05-31 10:00:30.854000', 37, '127.0.0.1', '本地测试', '查看单个配置', '{"id":"FILE_HTTP"}', 'GET', '/zwz/setting/getOne', 'admin', 2, 'SETTING-01', 'PC端 | Chrome 113.0.0.0 | Windows Windows 10 or Windows Server 2016'),
	('1663727125590577152', NULL, '2023-05-31 10:00:31.991000', 0, NULL, '2023-05-31 10:00:31.991000', 38, '127.0.0.1', '本地测试', '查询全部角色', '{}', 'GET', '/zwz/role/getAllList', 'admin', 2, 'ROLE-01', 'PC端 | Chrome 113.0.0.0 | Windows Windows 10 or Windows Server 2016'),
	('1663727125590577156', NULL, '2023-05-31 10:00:31.986000', 0, NULL, '2023-05-31 10:00:31.986000', 38, '127.0.0.1', '本地测试', '查询子部门', '{}', 'GET', '/zwz/department/getByParentId', 'admin', 2, 'DEP-01', 'PC端 | Chrome 113.0.0.0 | Windows Windows 10 or Windows Server 2016'),
	('1663727125603160064', NULL, '2023-05-31 10:00:32.304000', 0, NULL, '2023-05-31 10:00:32.304000', 351, '127.0.0.1', '本地测试', '查询单个数据字典的值', '{}', 'GET', '/zwz/dictData/getByType/sex', 'admin', 2, 'DICT_DATA-01', 'PC端 | Chrome 113.0.0.0 | Windows Windows 10 or Windows Server 2016'),
	('1663727125653491712', NULL, '2023-05-31 10:00:32.036000', 0, NULL, '2023-05-31 10:00:32.036000', 80, '127.0.0.1', '本地测试', '查询用户', '{"nickname":"","departmentId":"","pageNumber":"1","pageSize":"20","sort":"createTime","order":"desc"}', 'GET', '/zwz/user/getUserList', 'admin', 2, 'USER-07', 'PC端 | Chrome 113.0.0.0 | Windows Windows 10 or Windows Server 2016'),
	('1663727127058583552', NULL, '2023-05-31 10:00:32.340000', 0, NULL, '2023-05-31 10:00:32.340000', 43, '127.0.0.1', '本地测试', '查询子部门', '{}', 'GET', '/zwz/department/getByParentId', 'admin', 2, 'DEP-01', 'PC端 | Chrome 113.0.0.0 | Windows Windows 10 or Windows Server 2016'),
	('1663727136550293504', NULL, '2023-05-31 10:00:34.599000', 0, NULL, '2023-05-31 10:00:34.599000', 41, '127.0.0.1', '本地测试', '查询个人门户菜单B', '{}', 'POST', '/zwz/myDoor/getMyDoorList6', 'admin', 2, 'MY-DOOR-02', 'PC端 | Chrome 113.0.0.0 | Windows Windows 10 or Windows Server 2016'),
	('1663727145916174339', NULL, '2023-05-31 10:00:36.833000', 0, NULL, '2023-05-31 10:00:36.833000', 35, '127.0.0.1', '本地测试', '查询单个数据字典的值', '{}', 'GET', '/zwz/dictData/getByType/sex', 'admin', 2, 'DICT_DATA-01', 'PC端 | Chrome 113.0.0.0 | Windows Windows 10 or Windows Server 2016'),
	('1663727146838921216', NULL, '2023-05-31 10:00:37.058000', 0, NULL, '2023-05-31 10:00:37.058000', 43, '127.0.0.1', '本地测试', '查询学生', '{"pageNumber":"1","pageSize":"15","sort":"createTime","order":"desc"}', 'GET', '/zwz/student/getByPage', 'admin', 3, 'STUDENT-04', 'PC端 | Chrome 113.0.0.0 | Windows Windows 10 or Windows Server 2016'),
	('1663727148168515584', NULL, '2023-05-31 10:00:37.371000', 0, NULL, '2023-05-31 10:00:37.371000', 38, '127.0.0.1', '本地测试', '查询单个数据字典的值', '{}', 'GET', '/zwz/dictData/getByType/education', 'admin', 2, 'DICT_DATA-01', 'PC端 | Chrome 113.0.0.0 | Windows Windows 10 or Windows Server 2016'),
	('1663727148185292800', NULL, '2023-05-31 10:00:37.377000', 0, NULL, '2023-05-31 10:00:37.377000', 43, '127.0.0.1', '本地测试', '查询教师', '{"pageNumber":"1","pageSize":"15","sort":"createTime","order":"desc"}', 'GET', '/zwz/teacher/getByPage', 'admin', 3, 'TEACHER-04', 'PC端 | Chrome 113.0.0.0 | Windows Windows 10 or Windows Server 2016'),
	('1663727154430611456', NULL, '2023-05-31 10:00:38.857000', 0, NULL, '2023-05-31 10:00:38.857000', 35, '127.0.0.1', '本地测试', '查询个人门户菜单B', '{}', 'POST', '/zwz/myDoor/getMyDoorList6', 'admin', 2, 'MY-DOOR-02', 'PC端 | Chrome 113.0.0.0 | Windows Windows 10 or Windows Server 2016'),
	('1663727315357667328', NULL, '2023-05-31 10:01:17.257000', 0, NULL, '2023-05-31 10:01:17.257000', 60, '127.0.0.1', '本地测试', '登录系统', '{"username":"admin","password":"","code":"0285","captchaId":"730a4ea79b3844d0adc1d059bfac80ba","saveLogin":"true"}', 'POST', '/zwz/login', 'admin', 1, '', 'PC端 | Chrome 113.0.0.0 | Windows Windows 10 or Windows Server 2016'),
	('1663727316108447746', NULL, '2023-05-31 10:01:17.412000', 0, NULL, '2023-05-31 10:01:17.412000', 36, '127.0.0.1', '本地测试', '获取当前登录用户', '{}', 'GET', '/zwz/user/info', 'admin', 2, 'USER-02', 'PC端 | Chrome 113.0.0.0 | Windows Windows 10 or Windows Server 2016'),
	('1663727316699844610', NULL, '2023-05-31 10:01:17.536000', 0, NULL, '2023-05-31 10:01:17.536000', 24, '127.0.0.1', '本地测试', '查询菜单', '{}', 'GET', '/zwz/permission/getMenuList', 'admin', 2, 'PERMISSION-02', 'PC端 | Chrome 113.0.0.0 | Windows Windows 10 or Windows Server 2016'),
	('1663727321011589120', NULL, '2023-05-31 10:01:18.567000', 0, NULL, '2023-05-31 10:01:18.567000', 24, '127.0.0.1', '本地测试', '查询菜单', '{}', 'GET', '/zwz/permission/getMenuList', 'admin', 2, 'PERMISSION-02', 'PC端 | Chrome 113.0.0.0 | Windows Windows 10 or Windows Server 2016'),
	('1663727321938530304', NULL, '2023-05-31 10:01:18.789000', 0, NULL, '2023-05-31 10:01:18.789000', 33, '127.0.0.1', '本地测试', '查询个人门户菜单B', '{}', 'POST', '/zwz/myDoor/getMyDoorList6', 'admin', 2, 'MY-DOOR-02', 'PC端 | Chrome 113.0.0.0 | Windows Windows 10 or Windows Server 2016'),
	('1663727386740527104', NULL, '2023-05-31 10:01:34.279000', 0, NULL, '2023-05-31 10:01:34.279000', 65, '127.0.0.1', '本地测试', '查询单个数据字典的值', '{}', 'GET', '/zwz/dictData/getByType/sex', 'admin', 2, 'DICT_DATA-01', 'PC端 | Chrome 113.0.0.0 | Windows Windows 10 or Windows Server 2016'),
	('1663727425667862528', NULL, '2023-05-31 10:01:43.547000', 0, NULL, '2023-05-31 10:01:43.547000', 60, '127.0.0.1', '本地测试', '修改个人门户菜单', '{"str":"user-adminZWZ666department-adminZWZ666file-adminZWZ666role-manageZWZ666menu-manageZWZ666log-manage"}', 'POST', '/zwz/myDoor/setMyDoorList', 'admin', 2, 'MY-DOOR-03', 'PC端 | Chrome 113.0.0.0 | Windows Windows 10 or Windows Server 2016'),
	('1663727429497262081', NULL, '2023-05-31 10:01:44.457000', 0, NULL, '2023-05-31 10:01:44.457000', 53, '127.0.0.1', '本地测试', '查询个人门户菜单B', '{}', 'POST', '/zwz/myDoor/getMyDoorList6', 'admin', 2, 'MY-DOOR-02', 'PC端 | Chrome 113.0.0.0 | Windows Windows 10 or Windows Server 2016'),
	('1663727475873681408', NULL, '2023-05-31 10:01:55.553000', 0, NULL, '2023-05-31 10:01:55.553000', 71, '127.0.0.1', '本地测试', '查询全部角色', '{}', 'GET', '/zwz/role/getAllList', 'admin', 2, 'ROLE-01', 'PC端 | Chrome 113.0.0.0 | Windows Windows 10 or Windows Server 2016'),
	('1663727475877875714', NULL, '2023-05-31 10:01:55.537000', 0, NULL, '2023-05-31 10:01:55.537000', 72, '127.0.0.1', '本地测试', '查询单个数据字典的值', '{}', 'GET', '/zwz/dictData/getByType/sex', 'admin', 2, 'DICT_DATA-01', 'PC端 | Chrome 113.0.0.0 | Windows Windows 10 or Windows Server 2016'),
	('1663727475886264320', NULL, '2023-05-31 10:01:55.537000', 0, NULL, '2023-05-31 10:01:55.537000', 73, '127.0.0.1', '本地测试', '查询子部门', '{}', 'GET', '/zwz/department/getByParentId', 'admin', 2, 'DEP-01', 'PC端 | Chrome 113.0.0.0 | Windows Windows 10 or Windows Server 2016'),
	('1663727475924013056', NULL, '2023-05-31 10:01:55.557000', 0, NULL, '2023-05-31 10:01:55.557000', 87, '127.0.0.1', '本地测试', '查询用户', '{"nickname":"","departmentId":"","pageNumber":"1","pageSize":"20","sort":"createTime","order":"desc"}', 'GET', '/zwz/user/getUserList', 'admin', 2, 'USER-07', 'PC端 | Chrome 113.0.0.0 | Windows Windows 10 or Windows Server 2016'),
	('1663727477576568832', NULL, '2023-05-31 10:01:55.896000', 0, NULL, '2023-05-31 10:01:55.896000', 32, '127.0.0.1', '本地测试', '查询子部门', '{}', 'GET', '/zwz/department/getByParentId', 'admin', 2, 'DEP-01', 'PC端 | Chrome 113.0.0.0 | Windows Windows 10 or Windows Server 2016'),
	('1663727607927148544', NULL, '2023-05-31 10:02:27.054000', 0, NULL, '2023-05-31 10:02:27.054000', 91, '127.0.0.1', '本地测试', '查询单个数据字典的值', '{}', 'GET', '/zwz/dictData/getByType/sex', 'admin', 2, 'DICT_DATA-01', 'PC端 | Chrome 113.0.0.0 | Windows Windows 10 or Windows Server 2016'),
	('1663727608640180229', NULL, '2023-05-31 10:02:27.167000', 0, NULL, '2023-05-31 10:02:27.167000', 43, '127.0.0.1', '本地测试', '查询子部门', '{}', 'GET', '/zwz/department/getByParentId', 'admin', 2, 'DEP-01', 'PC端 | Chrome 113.0.0.0 | Windows Windows 10 or Windows Server 2016'),
	('1663727608975724546', NULL, '2023-05-31 10:02:27.243000', 0, NULL, '2023-05-31 10:02:27.243000', 41, '127.0.0.1', '本地测试', '查询全部角色', '{}', 'GET', '/zwz/role/getAllList', 'admin', 2, 'ROLE-01', 'PC端 | Chrome 113.0.0.0 | Windows Windows 10 or Windows Server 2016'),
	('1663727668492898307', NULL, '2023-05-31 10:02:41.457000', 0, NULL, '2023-05-31 10:02:41.457000', 70, '127.0.0.1', '本地测试', '查询子部门', '{}', 'GET', '/zwz/department/getByParentId', 'admin', 2, 'DEP-01', 'PC端 | Chrome 113.0.0.0 | Windows Windows 10 or Windows Server 2016'),
	('1663727668518064132', NULL, '2023-05-31 10:02:41.457000', 0, NULL, '2023-05-31 10:02:41.457000', 69, '127.0.0.1', '本地测试', '查询用户', '{"pageNumber":"1","pageSize":"10","sort":"createTime","order":"desc","departmentId":""}', 'GET', '/zwz/myUser/getByPage', 'admin', 2, 'USER-01', 'PC端 | Chrome 113.0.0.0 | Windows Windows 10 or Windows Server 2016'),
	('1663727670137065475', NULL, '2023-05-31 10:02:41.817000', 0, NULL, '2023-05-31 10:02:41.817000', 37, '127.0.0.1', '本地测试', '查询子部门', '{}', 'GET', '/zwz/department/getByParentId', 'admin', 2, 'DEP-01', 'PC端 | Chrome 113.0.0.0 | Windows Windows 10 or Windows Server 2016'),
	('1663727719944425472', NULL, '2023-05-31 10:02:53.898000', 0, NULL, '2023-05-31 10:02:53.898000', 245, '127.0.0.1', '本地测试', '查询系统文件', '{"name":"","fkey":"","type":"","pageNumber":"1","pageSize":"15","sort":"createTime","order":"desc","startDate":"","endDate":""}', 'GET', '/zwz/file/getByCondition', 'admin', 2, 'FILE-01', 'PC端 | Chrome 113.0.0.0 | Windows Windows 10 or Windows Server 2016'),
	('1663727721177550851', NULL, '2023-05-31 10:02:54.356000', 0, NULL, '2023-05-31 10:02:54.356000', 405, '127.0.0.1', '本地测试', '查看单个配置', '{"id":"FILE_HTTP"}', 'GET', '/zwz/setting/getOne', 'admin', 2, 'SETTING-01', 'PC端 | Chrome 113.0.0.0 | Windows Windows 10 or Windows Server 2016'),
	('1663727721177550852', NULL, '2023-05-31 10:02:54.005000', 0, NULL, '2023-05-31 10:02:54.005000', 52, '127.0.0.1', '本地测试', '查看单个配置', '{"id":"FILE_VIEW"}', 'GET', '/zwz/setting/getOne', 'admin', 2, 'SETTING-01', 'PC端 | Chrome 113.0.0.0 | Windows Windows 10 or Windows Server 2016'),
	('1663727721177550853', NULL, '2023-05-31 10:02:54.130000', 0, NULL, '2023-05-31 10:02:54.130000', 176, '127.0.0.1', '本地测试', '查看单个配置', '{"id":"FILE_PATH"}', 'GET', '/zwz/setting/getOne', 'admin', 2, 'SETTING-01', 'PC端 | Chrome 113.0.0.0 | Windows Windows 10 or Windows Server 2016'),
	('1663727755604398080', NULL, '2023-05-31 10:03:02.233000', 0, NULL, '2023-05-31 10:03:02.233000', 85, '127.0.0.1', '本地测试', '查询角色', '{"pageNumber":"1","pageSize":"15","sort":"createTime","order":"desc"}', 'GET', '/zwz/role/getAllByPage', 'admin', 2, 'ROLE-02', 'PC端 | Chrome 113.0.0.0 | Windows Windows 10 or Windows Server 2016'),
	('1663727814467260417', NULL, '2023-05-31 10:03:16.274000', 0, NULL, '2023-05-31 10:03:16.274000', 82, '127.0.0.1', '本地测试', '查询单个数据字典的值', '{}', 'GET', '/zwz/dictData/getByType/permission_type', 'admin', 2, 'DICT_DATA-01', 'PC端 | Chrome 113.0.0.0 | Windows Windows 10 or Windows Server 2016'),
	('1663727821895372814', NULL, '2023-05-31 10:03:18.013000', 0, NULL, '2023-05-31 10:03:18.013000', 50, '127.0.0.1', '本地测试', '查询菜单权限拥有者', '{"permissionId":"40238597734928384"}', 'GET', '/zwz/permission/getUserByPermission', 'admin', 2, 'PERMISSION-01', 'PC端 | Chrome 113.0.0.0 | Windows Windows 10 or Windows Server 2016'),
	('1663727841495355400', NULL, '2023-05-31 10:03:22.698000', 0, NULL, '2023-05-31 10:03:22.698000', 75, '127.0.0.1', '本地测试', '查询菜单权限拥有者', '{"permissionId":"56309618086776832"}', 'GET', '/zwz/permission/getUserByPermission', 'admin', 2, 'PERMISSION-01', 'PC端 | Chrome 113.0.0.0 | Windows Windows 10 or Windows Server 2016'),
	('1663727889293643779', NULL, '2023-05-31 10:03:34.098000', 0, NULL, '2023-05-31 10:03:34.098000', 74, '127.0.0.1', '本地测试', '查询日志', '{"logType":"1","pageNumber":"1","pageSize":"15","startDate":"","endDate":"","sort":"createTime","order":"desc","ipInfo":"","key":""}', 'GET', '/zwz/log/getAllByPage', 'admin', 2, 'LOG-01', 'PC端 | Chrome 113.0.0.0 | Windows Windows 10 or Windows Server 2016'),
	('1663727926211907587', NULL, '2023-05-31 10:03:42.878000', 0, NULL, '2023-05-31 10:03:42.878000', 43, '127.0.0.1', '本地测试', '查询所有数据字典', '{}', 'GET', '/zwz/dict/getAll', 'admin', 2, 'DICT-01', 'PC端 | Chrome 113.0.0.0 | Windows Windows 10 or Windows Server 2016'),
	('1663727926891384847', NULL, '2023-05-31 10:03:43.027000', 0, NULL, '2023-05-31 10:03:43.027000', 28, '127.0.0.1', '本地测试', '查询数据字典值', '{"name":"","status":"","pageNumber":"1","pageSize":"10","sort":"sortOrder","order":"asc"}', 'GET', '/zwz/dictData/getByCondition', 'admin', 2, 'DICT_DATA-02', 'PC端 | Chrome 113.0.0.0 | Windows Windows 10 or Windows Server 2016'),
	('1663727998651731968', NULL, '2023-05-31 10:04:00.170000', 0, NULL, '2023-05-31 10:04:00.170000', 64, '127.0.0.1', '本地测试', '查询所有数据字典', '{}', 'GET', '/zwz/dict/getAll', 'admin', 2, 'DICT-01', 'PC端 | Chrome 113.0.0.0 | Windows Windows 10 or Windows Server 2016'),
	('1663727999771611136', NULL, '2023-05-31 10:04:00.398000', 0, NULL, '2023-05-31 10:04:00.398000', 42, '127.0.0.1', '本地测试', '查询数据字典值', '{"name":"","status":"","pageNumber":"1","pageSize":"10","sort":"sortOrder","order":"asc"}', 'GET', '/zwz/dictData/getByCondition', 'admin', 2, 'DICT_DATA-02', 'PC端 | Chrome 113.0.0.0 | Windows Windows 10 or Windows Server 2016'),
	('1663728074610577408', NULL, '2023-05-31 10:04:18.258000', 0, NULL, '2023-05-31 10:04:18.258000', 48, '127.0.0.1', '本地测试', '查询个人门户菜单B', '{}', 'POST', '/zwz/myDoor/getMyDoorList6', 'admin', 2, 'MY-DOOR-02', 'PC端 | Chrome 113.0.0.0 | Windows Windows 10 or Windows Server 2016'),
	('1663728085327024135', NULL, '2023-05-31 10:04:20.798000', 0, NULL, '2023-05-31 10:04:20.798000', 29, '127.0.0.1', '本地测试', '查询学生', '{"pageNumber":"1","pageSize":"15","sort":"createTime","order":"desc"}', 'GET', '/zwz/student/getByPage', 'admin', 3, 'STUDENT-04', 'PC端 | Chrome 113.0.0.0 | Windows Windows 10 or Windows Server 2016'),
	('1663728085327024136', NULL, '2023-05-31 10:04:20.820000', 0, NULL, '2023-05-31 10:04:20.820000', 53, '127.0.0.1', '本地测试', '查询单个数据字典的值', '{}', 'GET', '/zwz/dictData/getByType/sex', 'admin', 2, 'DICT_DATA-01', 'PC端 | Chrome 113.0.0.0 | Windows Windows 10 or Windows Server 2016'),
	('1663728097435979776', NULL, '2023-05-31 10:04:23.682000', 0, NULL, '2023-05-31 10:04:23.682000', 26, '127.0.0.1', '本地测试', '查询菜单', '{}', 'GET', '/zwz/permission/getMenuList', 'admin', 2, 'PERMISSION-02', 'PC端 | Chrome 113.0.0.0 | Windows Windows 10 or Windows Server 2016'),
	('1663728098266451968', NULL, '2023-05-31 10:04:23.884000', 0, NULL, '2023-05-31 10:04:23.884000', 31, '127.0.0.1', '本地测试', '查询单个数据字典的值', '{}', 'GET', '/zwz/dictData/getByType/sex', 'admin', 2, 'DICT_DATA-01', 'PC端 | Chrome 113.0.0.0 | Windows Windows 10 or Windows Server 2016'),
	('1663728098878820352', NULL, '2023-05-31 10:04:24.028000', 0, NULL, '2023-05-31 10:04:24.028000', 27, '127.0.0.1', '本地测试', '查询学生', '{"pageNumber":"1","pageSize":"15","sort":"createTime","order":"desc"}', 'GET', '/zwz/student/getByPage', 'admin', 3, 'STUDENT-04', 'PC端 | Chrome 113.0.0.0 | Windows Windows 10 or Windows Server 2016'),
	('1663728123558105088', NULL, '2023-05-31 10:04:29.940000', 0, NULL, '2023-05-31 10:04:29.940000', 58, '127.0.0.1', '本地测试', '查询菜单', '{}', 'GET', '/zwz/permission/getMenuList', 'admin', 2, 'PERMISSION-02', 'PC端 | Chrome 113.0.0.0 | Windows Windows 10 or Windows Server 2016'),
	('1663728124627652608', NULL, '2023-05-31 10:04:30.166000', 0, NULL, '2023-05-31 10:04:30.166000', 27, '127.0.0.1', '本地测试', '查询单个数据字典的值', '{}', 'GET', '/zwz/dictData/getByType/sex', 'admin', 2, 'DICT_DATA-01', 'PC端 | Chrome 113.0.0.0 | Windows Windows 10 or Windows Server 2016'),
	('1663728124631846916', NULL, '2023-05-31 10:04:30.205000', 0, NULL, '2023-05-31 10:04:30.205000', 65, '127.0.0.1', '本地测试', '查询学生', '{"pageNumber":"1","pageSize":"15","sort":"createTime","order":"desc"}', 'GET', '/zwz/student/getByPage', 'admin', 3, 'STUDENT-04', 'PC端 | Chrome 113.0.0.0 | Windows Windows 10 or Windows Server 2016'),
	('1663728159364878336', NULL, '2023-05-31 10:04:38.475000', 0, NULL, '2023-05-31 10:04:38.475000', 55, '127.0.0.1', '本地测试', '查询菜单', '{}', 'GET', '/zwz/permission/getMenuList', 'admin', 2, 'PERMISSION-02', 'PC端 | Chrome 113.0.0.0 | Windows Windows 10 or Windows Server 2016'),
	('1663728160258265090', NULL, '2023-05-31 10:04:38.658000', 0, NULL, '2023-05-31 10:04:38.658000', 25, '127.0.0.1', '本地测试', '查询单个数据字典的值', '{}', 'GET', '/zwz/dictData/getByType/sex', 'admin', 2, 'DICT_DATA-01', 'PC端 | Chrome 113.0.0.0 | Windows Windows 10 or Windows Server 2016'),
	('1663728160262459392', NULL, '2023-05-31 10:04:38.694000', 0, NULL, '2023-05-31 10:04:38.694000', 61, '127.0.0.1', '本地测试', '查询学生', '{"pageNumber":"1","pageSize":"15","sort":"createTime","order":"desc"}', 'GET', '/zwz/student/getByPage', 'admin', 3, 'STUDENT-04', 'PC端 | Chrome 113.0.0.0 | Windows Windows 10 or Windows Server 2016'),
	('1663728200636829696', NULL, '2023-05-31 10:04:48.338000', 0, NULL, '2023-05-31 10:04:48.338000', 78, '127.0.0.1', '本地测试', '查询单个数据字典的值', '{}', 'GET', '/zwz/dictData/getByType/education', 'admin', 2, 'DICT_DATA-01', 'PC端 | Chrome 113.0.0.0 | Windows Windows 10 or Windows Server 2016'),
	('1663728201391804416', NULL, '2023-05-31 10:04:48.483000', 0, NULL, '2023-05-31 10:04:48.483000', 43, '127.0.0.1', '本地测试', '查询教师', '{"pageNumber":"1","pageSize":"15","sort":"createTime","order":"desc"}', 'GET', '/zwz/teacher/getByPage', 'admin', 3, 'TEACHER-04', 'PC端 | Chrome 113.0.0.0 | Windows Windows 10 or Windows Server 2016'),
	('1663728217149804544', NULL, '2023-05-31 10:04:52.222000', 0, NULL, '2023-05-31 10:04:52.222000', 26, '127.0.0.1', '本地测试', '查询单个数据字典的值', '{}', 'GET', '/zwz/dictData/getByType/occupationStatus', 'admin', 2, 'DICT_DATA-01', 'PC端 | Chrome 113.0.0.0 | Windows Windows 10 or Windows Server 2016'),
	('1663728217149804545', NULL, '2023-05-31 10:04:52.283000', 0, NULL, '2023-05-31 10:04:52.283000', 85, '127.0.0.1', '本地测试', '查询单个数据字典的值', '{}', 'GET', '/zwz/dictData/getByType/education', 'admin', 2, 'DICT_DATA-01', 'PC端 | Chrome 113.0.0.0 | Windows Windows 10 or Windows Server 2016'),
	('1663728328173031427', NULL, '2023-05-31 10:05:18.800000', 0, NULL, '2023-05-31 10:05:18.800000', 136, '127.0.0.1', '本地测试', '文件上传', '{}', 'POST', '/zwz/upload/file', 'admin', 2, 'FILE-06', 'PC端 | Chrome 113.0.0.0 | Windows Windows 10 or Windows Server 2016'),
	('1663728342806958080', NULL, '2023-05-31 10:05:22.200000', 0, NULL, '2023-05-31 10:05:22.200000', 54, '127.0.0.1', '本地测试', '文件上传', '{}', 'POST', '/zwz/upload/file', 'admin', 2, 'FILE-06', 'PC端 | Chrome 113.0.0.0 | Windows Windows 10 or Windows Server 2016'),
	('1663728348758675458', NULL, '2023-05-31 10:05:23.619000', 0, NULL, '2023-05-31 10:05:23.619000', 40, '127.0.0.1', '本地测试', '编辑教师', '{"id":"1536614275123122176","updateBy":"admin","updateTime":"2022-06-14 15:41:09","createBy":"admin","createTime":"2022-06-14 15:39:26","delFlag":"0","name":"张三","education":"博士","age":"30","graduated":"同济大学","wages":"9960","status":"在职","autograph":"http://127.0.0.1:8080/zwz/file/view/1663728328143671296","resume":"http://127.0.0.1:8080/zwz/file/view/1663728342752432128","remark":"测试","_index":"0","_rowKey":"5"}', 'POST', '/zwz/teacher/update', 'admin', 3, 'TEACHER-07', 'PC端 | Chrome 113.0.0.0 | Windows Windows 10 or Windows Server 2016'),
	('1663728349849194502', NULL, '2023-05-31 10:05:23.879000', 0, NULL, '2023-05-31 10:05:23.879000', 40, '127.0.0.1', '本地测试', '查询教师', '{"pageNumber":"1","pageSize":"15","sort":"createTime","order":"desc"}', 'GET', '/zwz/teacher/getByPage', 'admin', 3, 'TEACHER-04', 'PC端 | Chrome 113.0.0.0 | Windows Windows 10 or Windows Server 2016'),
	('1663728595199201280', NULL, '2023-05-31 10:06:22.412000', 0, NULL, '2023-05-31 10:06:22.412000', 81, '127.0.0.1', '本地测试', '查询菜单', '{}', 'GET', '/zwz/permission/getMenuList', 'admin', 2, 'PERMISSION-02', 'PC端 | Chrome 113.0.0.0 | Windows Windows 10 or Windows Server 2016'),
	('1663728596642041856', NULL, '2023-05-31 10:06:22.720000', 0, NULL, '2023-05-31 10:06:22.720000', 45, '127.0.0.1', '本地测试', '查询单个数据字典的值', '{}', 'GET', '/zwz/dictData/getByType/education', 'admin', 2, 'DICT_DATA-01', 'PC端 | Chrome 113.0.0.0 | Windows Windows 10 or Windows Server 2016'),
	('1663728596658819072', NULL, '2023-05-31 10:06:22.771000', 0, NULL, '2023-05-31 10:06:22.771000', 90, '127.0.0.1', '本地测试', '查询教师', '{"pageNumber":"1","pageSize":"15","sort":"createTime","order":"desc"}', 'GET', '/zwz/teacher/getByPage', 'admin', 3, 'TEACHER-04', 'PC端 | Chrome 113.0.0.0 | Windows Windows 10 or Windows Server 2016'),
	('1663728761247502336', NULL, '2023-05-31 10:07:02.019000', 0, NULL, '2023-05-31 10:07:02.019000', 98, '127.0.0.1', '本地测试', '查询图表数据', '{}', 'GET', '/zwz/teacher/getAntvVoList', 'admin', 4, 'CHART-01', 'PC端 | Chrome 113.0.0.0 | Windows Windows 10 or Windows Server 2016'),
	('1663728778884550680', NULL, '2023-05-31 10:07:06.159000', 0, NULL, '2023-05-31 10:07:06.159000', 42, '127.0.0.1', '本地测试', '查询个人门户菜单B', '{}', 'POST', '/zwz/myDoor/getMyDoorList6', 'admin', 2, 'MY-DOOR-02', 'PC端 | Chrome 113.0.0.0 | Windows Windows 10 or Windows Server 2016'),
	('1663728795061981187', NULL, '2023-05-31 10:07:10.020000', 0, NULL, '2023-05-31 10:07:10.020000', 38, '127.0.0.1', '本地测试', '查询单个数据字典的值', '{}', 'GET', '/zwz/dictData/getByType/sex', 'admin', 2, 'DICT_DATA-01', 'PC端 | Chrome 113.0.0.0 | Windows Windows 10 or Windows Server 2016'),
	('1663728874523070464', NULL, '2023-05-31 10:07:28.992000', 0, NULL, '2023-05-31 10:07:28.992000', 62, '127.0.0.1', '本地测试', '查询单个数据字典的值', '{}', 'GET', '/zwz/dictData/getByType/sex', 'admin', 2, 'DICT_DATA-01', 'PC端 | Chrome 113.0.0.0 | Windows Windows 10 or Windows Server 2016'),
	('1663728944442118144', NULL, '2023-05-31 10:07:45.680000', 0, NULL, '2023-05-31 10:07:45.680000', 95, '127.0.0.1', '本地测试', '查询个人门户菜单B', '{}', 'POST', '/zwz/myDoor/getMyDoorList6', 'admin', 2, 'MY-DOOR-02', 'PC端 | Chrome 113.0.0.0 | Windows Windows 10 or Windows Server 2016'),
	('1667343623001346048', NULL, '2023-06-10 09:31:12.216000', 0, NULL, '2023-06-10 09:31:12.216000', 64, '127.0.0.1', '本地测试', '登录系统', '{"username":"admin","password":"","code":"6241","captchaId":"2fa7fbade7874847b8d976d7a79772cf","saveLogin":"true"}', 'POST', '/zwz/login', 'admin', 1, '', 'PC端 | Chrome 114.0.0.0 | Windows Windows 10 or Windows Server 2016'),
	('1667343624427409408', NULL, '2023-06-10 09:31:12.523000', 0, NULL, '2023-06-10 09:31:12.523000', 68, '127.0.0.1', '本地测试', '获取当前登录用户', '{}', 'GET', '/zwz/user/info', 'admin', 2, 'USER-02', 'PC端 | Chrome 114.0.0.0 | Windows Windows 10 or Windows Server 2016'),
	('1667343626226765825', NULL, '2023-06-10 09:31:12.981000', 0, NULL, '2023-06-10 09:31:12.981000', 296, '127.0.0.1', '本地测试', '查询菜单', '{}', 'GET', '/zwz/permission/getMenuList', 'admin', 2, 'PERMISSION-02', 'PC端 | Chrome 114.0.0.0 | Windows Windows 10 or Windows Server 2016'),
	('1667343626306457600', NULL, '2023-06-10 09:31:12.988000', 0, NULL, '2023-06-10 09:31:12.988000', 93, '127.0.0.1', '本地测试', '查询个人门户菜单B', '{}', 'POST', '/zwz/myDoor/getMyDoorList6', 'admin', 2, 'MY-DOOR-02', 'PC端 | Chrome 114.0.0.0 | Windows Windows 10 or Windows Server 2016'),
	('1667343635911413760', NULL, '2023-06-10 09:31:15.239000', 0, NULL, '2023-06-10 09:31:15.239000', 111, '127.0.0.1', '本地测试', '查询角色', '{"pageNumber":"1","pageSize":"15","sort":"createTime","order":"desc"}', 'GET', '/zwz/role/getAllByPage', 'admin', 2, 'ROLE-02', 'PC端 | Chrome 114.0.0.0 | Windows Windows 10 or Windows Server 2016'),
	('1667343637241008128', NULL, '2023-06-10 09:31:15.556000', 0, NULL, '2023-06-10 09:31:15.556000', 120, '127.0.0.1', '本地测试', '查询全部菜单', '{}', 'GET', '/zwz/permission/getAllList', 'admin', 2, 'PERMISSION-04', 'PC端 | Chrome 114.0.0.0 | Windows Windows 10 or Windows Server 2016'),
	('1667343729586999296', NULL, '2023-06-10 09:31:37.622000', 0, NULL, '2023-06-10 09:31:37.622000', 164, '127.0.0.1', '本地测试', '修改菜单权限', '{"roleId":"1536606659751841799","permIds":"125909152017944576,1464484663442673664,5129710648430593,1663723467998105600,1663723511849553920,1663723538621796352,40238597734928384,1663724125664972800,1663724149731889152,1663724174398590976,5129710648430594,1663724230593875968,1663724255319298048,1663724279579152384,1663724334755221504,5129710648430595,1663724386382909440,1663724413914320896,1663724441433149440,56309618086776832,1663724628767543296,1663724665174102016,1663726175089987584,41363147411427328,1530689602321518592,1663724779984785408,1663724805096083456,1663724828114423808,1535166438371889152,1636971653256843264,1636986266572689408,1636986308624781312,1636971725705056256,1636971806336356352,1637004715210444800,1637004751449231360,1637004778129199104,1637004825134764032,1636971962439962624,1636972031469817856,1637004922262261760,1637005040529051648,1637004957293088768,1637004989018804224,1636972155004653568,1636972258851426304,1637005082912493568,1637005110745894912,1637005138717708288,1636974216572178432,1636974381538349056,1637005208733224960,1636974468972810240,1636974537574846464,1637005297572777984,1637005333157253120,1637003227910246400,1637003434798485504,1637003507452219392,1536599942410407936,1536600125332393984,1536600268379131904,1536604417711804416,1536606273959759872,1536606372668510208,1536606464712511488,1536606550951596032,1536606637815631872,1536875505901506560"}', 'POST', '/zwz/role/editRolePerm', 'admin', 2, 'ROLE-04', 'PC端 | Chrome 114.0.0.0 | Windows Windows 10 or Windows Server 2016'),
	('1667343730748821504', NULL, '2023-06-10 09:31:37.858000', 0, NULL, '2023-06-10 09:31:37.858000', 143, '127.0.0.1', '本地测试', '查询菜单', '{}', 'GET', '/zwz/permission/getMenuList', 'admin', 2, 'PERMISSION-02', 'PC端 | Chrome 114.0.0.0 | Windows Windows 10 or Windows Server 2016'),
	('1667343731394744320', NULL, '2023-06-10 09:31:38.012000', 0, NULL, '2023-06-10 09:31:38.012000', 59, '127.0.0.1', '本地测试', '查询角色', '{"pageNumber":"1","pageSize":"15","sort":"createTime","order":"desc"}', 'GET', '/zwz/role/getAllByPage', 'admin', 2, 'ROLE-02', 'PC端 | Chrome 114.0.0.0 | Windows Windows 10 or Windows Server 2016'),
	('1667343742933274624', NULL, '2023-06-10 09:31:40.763000', 0, NULL, '2023-06-10 09:31:40.763000', 41, '127.0.0.1', '本地测试', '查询全部角色', '{}', 'GET', '/zwz/role/getAllList', 'admin', 2, 'ROLE-01', 'PC端 | Chrome 114.0.0.0 | Windows Windows 10 or Windows Server 2016'),
	('1667343742945857536', NULL, '2023-06-10 09:31:40.807000', 0, NULL, '2023-06-10 09:31:40.807000', 88, '127.0.0.1', '本地测试', '查询单个数据字典的值', '{}', 'GET', '/zwz/dictData/getByType/sex', 'admin', 2, 'DICT_DATA-01', 'PC端 | Chrome 114.0.0.0 | Windows Windows 10 or Windows Server 2016'),
	('1667343743025549312', NULL, '2023-06-10 09:31:40.825000', 0, NULL, '2023-06-10 09:31:40.825000', 103, '127.0.0.1', '本地测试', '查询用户', '{"nickname":"","departmentId":"","pageNumber":"1","pageSize":"20","sort":"createTime","order":"desc","type":"0"}', 'GET', '/zwz/user/getUserList', 'admin', 2, 'USER-07', 'PC端 | Chrome 114.0.0.0 | Windows Windows 10 or Windows Server 2016'),
	('1667343743050715136', NULL, '2023-06-10 09:31:40.815000', 0, NULL, '2023-06-10 09:31:40.815000', 96, '127.0.0.1', '本地测试', '查询子部门', '{}', 'GET', '/zwz/department/getByParentId', 'admin', 2, 'DEP-01', 'PC端 | Chrome 114.0.0.0 | Windows Windows 10 or Windows Server 2016'),
	('1667343743457562624', NULL, '2023-06-10 09:31:40.889000', 0, NULL, '2023-06-10 09:31:40.889000', 60, '127.0.0.1', '本地测试', '查询子部门', '{}', 'GET', '/zwz/department/getByParentId', 'admin', 2, 'DEP-01', 'PC端 | Chrome 114.0.0.0 | Windows Windows 10 or Windows Server 2016'),
	('1667343747605729280', NULL, '2023-06-10 09:31:41.871000', 0, NULL, '2023-06-10 09:31:41.871000', 44, '127.0.0.1', '本地测试', '查询子部门', '{}', 'GET', '/zwz/department/getByParentId', 'admin', 2, 'DEP-01', 'PC端 | Chrome 114.0.0.0 | Windows Windows 10 or Windows Server 2016'),
	('1667343748276817920', NULL, '2023-06-10 09:31:42.038000', 0, NULL, '2023-06-10 09:31:42.038000', 45, '127.0.0.1', '本地测试', '查询单个数据字典的值', '{}', 'GET', '/zwz/dictData/getByType/sex', 'admin', 2, 'DICT_DATA-01', 'PC端 | Chrome 114.0.0.0 | Windows Windows 10 or Windows Server 2016'),
	('1667343748868214784', NULL, '2023-06-10 09:31:42.176000', 0, NULL, '2023-06-10 09:31:42.176000', 41, '127.0.0.1', '本地测试', '查询全部角色', '{}', 'GET', '/zwz/role/getAllList', 'admin', 2, 'ROLE-01', 'PC端 | Chrome 114.0.0.0 | Windows Windows 10 or Windows Server 2016'),
	('1667343748880797696', NULL, '2023-06-10 09:31:42.172000', 0, NULL, '2023-06-10 09:31:42.172000', 37, '127.0.0.1', '本地测试', '查询子部门', '{}', 'GET', '/zwz/department/getByParentId', 'admin', 2, 'DEP-01', 'PC端 | Chrome 114.0.0.0 | Windows Windows 10 or Windows Server 2016'),
	('1667343748956295168', NULL, '2023-06-10 09:31:42.194000', 0, NULL, '2023-06-10 09:31:42.194000', 59, '127.0.0.1', '本地测试', '查询用户', '{"nickname":"","departmentId":"","pageNumber":"1","pageSize":"20","sort":"createTime","order":"desc","type":"1"}', 'GET', '/zwz/user/getUserList', 'admin', 2, 'USER-07', 'PC端 | Chrome 114.0.0.0 | Windows Windows 10 or Windows Server 2016'),
	('1667343763581833216', NULL, '2023-06-10 09:31:45.683000', 0, NULL, '2023-06-10 09:31:45.683000', 46, '127.0.0.1', '本地测试', '查询子部门', '{}', 'GET', '/zwz/department/getByParentId', 'admin', 2, 'DEP-01', 'PC端 | Chrome 114.0.0.0 | Windows Windows 10 or Windows Server 2016'),
	('1667343764907233280', NULL, '2023-06-10 09:31:45.997000', 0, NULL, '2023-06-10 09:31:45.997000', 39, '127.0.0.1', '本地测试', '查询全部角色', '{}', 'GET', '/zwz/role/getAllList', 'admin', 2, 'ROLE-01', 'PC端 | Chrome 114.0.0.0 | Windows Windows 10 or Windows Server 2016'),
	('1667343764924010496', NULL, '2023-06-10 09:31:46.003000', 0, NULL, '2023-06-10 09:31:46.003000', 45, '127.0.0.1', '本地测试', '查询单个数据字典的值', '{}', 'GET', '/zwz/dictData/getByType/sex', 'admin', 2, 'DICT_DATA-01', 'PC端 | Chrome 114.0.0.0 | Windows Windows 10 or Windows Server 2016'),
	('1667343764961759232', NULL, '2023-06-10 09:31:46.007000', 0, NULL, '2023-06-10 09:31:46.007000', 49, '127.0.0.1', '本地测试', '查询用户', '{"nickname":"","departmentId":"","pageNumber":"1","pageSize":"20","sort":"createTime","order":"desc","type":"0"}', 'GET', '/zwz/user/getUserList', 'admin', 2, 'USER-07', 'PC端 | Chrome 114.0.0.0 | Windows Windows 10 or Windows Server 2016'),
	('1667343765079199744', NULL, '2023-06-10 09:31:46.039000', 0, NULL, '2023-06-10 09:31:46.039000', 43, '127.0.0.1', '本地测试', '查询子部门', '{}', 'GET', '/zwz/department/getByParentId', 'admin', 2, 'DEP-01', 'PC端 | Chrome 114.0.0.0 | Windows Windows 10 or Windows Server 2016'),
	('1667344037952229376', NULL, '2023-06-10 09:32:51.173000', 0, NULL, '2023-06-10 09:32:51.173000', 108, '127.0.0.1', '本地测试', '查询单个数据字典的值', '{}', 'GET', '/zwz/dictData/getByType/sex', 'admin', 2, 'DICT_DATA-01', 'PC端 | Chrome 114.0.0.0 | Windows Windows 10 or Windows Server 2016'),
	('1667344038879170560', NULL, '2023-06-10 09:32:51.328000', 0, NULL, '2023-06-10 09:32:51.328000', 51, '127.0.0.1', '本地测试', '查询子部门', '{}', 'GET', '/zwz/department/getByParentId', 'admin', 2, 'DEP-01', 'PC端 | Chrome 114.0.0.0 | Windows Windows 10 or Windows Server 2016'),
	('1667344039067914240', NULL, '2023-06-10 09:32:51.368000', 0, NULL, '2023-06-10 09:32:51.368000', 42, '127.0.0.1', '本地测试', '查询全部角色', '{}', 'GET', '/zwz/role/getAllList', 'admin', 2, 'ROLE-01', 'PC端 | Chrome 114.0.0.0 | Windows Windows 10 or Windows Server 2016'),
	('1667344143451557888', NULL, '2023-06-10 09:33:16.292000', 0, NULL, '2023-06-10 09:33:16.292000', 79, '127.0.0.1', '本地测试', '登录系统', '{"username":"admin","password":"","code":"3808","captchaId":"6c3c297a885d4becaeac4b86595c076f","saveLogin":"true"}', 'POST', '/zwz/login', 'admin', 1, '', 'PC端 | Chrome 114.0.0.0 | Windows Windows 10 or Windows Server 2016'),
	('1667344144768569344', NULL, '2023-06-10 09:33:16.562000', 0, NULL, '2023-06-10 09:33:16.562000', 39, '127.0.0.1', '本地测试', '获取当前登录用户', '{}', 'GET', '/zwz/user/info', 'admin', 2, 'USER-02', 'PC端 | Chrome 114.0.0.0 | Windows Windows 10 or Windows Server 2016'),
	('1667344146119135232', NULL, '2023-06-10 09:33:16.888000', 0, NULL, '2023-06-10 09:33:16.888000', 105, '127.0.0.1', '本地测试', '查询菜单', '{}', 'GET', '/zwz/permission/getMenuList', 'admin', 2, 'PERMISSION-02', 'PC端 | Chrome 114.0.0.0 | Windows Windows 10 or Windows Server 2016'),
	('1667344176116797440', NULL, '2023-06-10 09:33:24.088000', 0, NULL, '2023-06-10 09:33:24.088000', 96, '127.0.0.1', '本地测试', '查询菜单', '{}', 'GET', '/zwz/permission/getMenuList', 'admin', 2, 'PERMISSION-02', 'PC端 | Chrome 114.0.0.0 | Windows Windows 10 or Windows Server 2016'),
	('1667344176632696832', NULL, '2023-06-10 09:33:24.218000', 0, NULL, '2023-06-10 09:33:24.218000', 114, '127.0.0.1', '本地测试', '查询个人门户菜单B', '{}', 'POST', '/zwz/myDoor/getMyDoorList6', 'admin', 2, 'MY-DOOR-02', 'PC端 | Chrome 114.0.0.0 | Windows Windows 10 or Windows Server 2016'),
	('1667344191065296896', NULL, '2023-06-10 09:33:27.599000', 0, NULL, '2023-06-10 09:33:27.599000', 35, '127.0.0.1', '本地测试', '查询全部角色', '{}', 'GET', '/zwz/role/getAllList', 'admin', 2, 'ROLE-01', 'PC端 | Chrome 114.0.0.0 | Windows Windows 10 or Windows Server 2016'),
	('1667344191086268416', NULL, '2023-06-10 09:33:27.606000', 0, NULL, '2023-06-10 09:33:27.606000', 42, '127.0.0.1', '本地测试', '查询单个数据字典的值', '{}', 'GET', '/zwz/dictData/getByType/sex', 'admin', 2, 'DICT_DATA-01', 'PC端 | Chrome 114.0.0.0 | Windows Windows 10 or Windows Server 2016'),
	('1667344191140794368', NULL, '2023-06-10 09:33:27.658000', 0, NULL, '2023-06-10 09:33:27.658000', 92, '127.0.0.1', '本地测试', '查询用户', '{"nickname":"","departmentId":"","pageNumber":"1","pageSize":"20","sort":"createTime","order":"desc"}', 'GET', '/zwz/user/getUserList', 'admin', 2, 'USER-07', 'PC端 | Chrome 114.0.0.0 | Windows Windows 10 or Windows Server 2016'),
	('1667344191149182976', NULL, '2023-06-10 09:33:27.659000', 0, NULL, '2023-06-10 09:33:27.659000', 97, '127.0.0.1', '本地测试', '查询子部门', '{}', 'GET', '/zwz/department/getByParentId', 'admin', 2, 'DEP-01', 'PC端 | Chrome 114.0.0.0 | Windows Windows 10 or Windows Server 2016'),
	('1667344191535058944', NULL, '2023-06-10 09:33:27.717000', 0, NULL, '2023-06-10 09:33:27.717000', 44, '127.0.0.1', '本地测试', '查询子部门', '{}', 'GET', '/zwz/department/getByParentId', 'admin', 2, 'DEP-01', 'PC端 | Chrome 114.0.0.0 | Windows Windows 10 or Windows Server 2016'),
	('1667344267833643011', NULL, '2023-06-10 09:33:45.941000', 0, NULL, '2023-06-10 09:33:45.941000', 81, '127.0.0.1', '本地测试', '查询角色', '{"pageNumber":"1","pageSize":"15","sort":"createTime","order":"desc"}', 'GET', '/zwz/role/getAllByPage', 'admin', 2, 'ROLE-02', 'PC端 | Chrome 114.0.0.0 | Windows Windows 10 or Windows Server 2016'),
	('1667344268743806976', NULL, '2023-06-10 09:33:46.120000', 0, NULL, '2023-06-10 09:33:46.120000', 74, '127.0.0.1', '本地测试', '查询全部菜单', '{}', 'GET', '/zwz/permission/getAllList', 'admin', 2, 'PERMISSION-04', 'PC端 | Chrome 114.0.0.0 | Windows Windows 10 or Windows Server 2016'),
	('1667344323898904576', NULL, '2023-06-10 09:33:59.302000', 0, NULL, '2023-06-10 09:33:59.302000', 70, '127.0.0.1', '本地测试', '新增角色', '{"name":"ROLE_TEACHER","description":"教师"}', 'POST', '/zwz/role/save', 'admin', 2, 'ROLE-05', 'PC端 | Chrome 114.0.0.0 | Windows Windows 10 or Windows Server 2016'),
	('1667344325610180614', NULL, '2023-06-10 09:33:59.671000', 0, NULL, '2023-06-10 09:33:59.671000', 41, '127.0.0.1', '本地测试', '查询角色', '{"pageNumber":"1","pageSize":"15","sort":"createTime","order":"desc"}', 'GET', '/zwz/role/getAllByPage', 'admin', 2, 'ROLE-02', 'PC端 | Chrome 114.0.0.0 | Windows Windows 10 or Windows Server 2016'),
	('1667344459039379456', NULL, '2023-06-10 09:34:31.525000', 0, NULL, '2023-06-10 09:34:31.525000', 105, '127.0.0.1', '本地测试', '修改菜单权限', '{"roleId":"1536606659751841795","permIds":"125909152017944576,1636971725705056256,1636971806336356352,1637004825134764032,1636971962439962624,1636972031469817856,1636972155004653568,1636972258851426304,1636974216572178432,1636974381538349056,1636974468972810240,1636974537574846464"}', 'POST', '/zwz/role/editRolePerm', 'admin', 2, 'ROLE-04', 'PC端 | Chrome 114.0.0.0 | Windows Windows 10 or Windows Server 2016'),
	('1667344460796792832', NULL, '2023-06-10 09:34:31.902000', 0, NULL, '2023-06-10 09:34:31.902000', 41, '127.0.0.1', '本地测试', '查询角色', '{"pageNumber":"1","pageSize":"15","sort":"createTime","order":"desc"}', 'GET', '/zwz/role/getAllByPage', 'admin', 2, 'ROLE-02', 'PC端 | Chrome 114.0.0.0 | Windows Windows 10 or Windows Server 2016'),
	('1667344461040062464', NULL, '2023-06-10 09:34:31.960000', 0, NULL, '2023-06-10 09:34:31.960000', 97, '127.0.0.1', '本地测试', '查询菜单', '{}', 'GET', '/zwz/permission/getMenuList', 'admin', 2, 'PERMISSION-02', 'PC端 | Chrome 114.0.0.0 | Windows Windows 10 or Windows Server 2016'),
	('1667344484398141440', NULL, '2023-06-10 09:34:37.556000', 0, NULL, '2023-06-10 09:34:37.556000', 62, '127.0.0.1', '本地测试', '编辑角色', '{"id":"1536606659751841795","updateBy":"admin","updateTime":"2022-03-20 09:46:20","createBy":"","createTime":"2022-03-20 09:46:20","delFlag":"0","name":"ROLE_USER","dataType":"0","defaultRole":"true","description":"学生","_index":"1","_rowKey":"11"}', 'POST', '/zwz/role/edit', 'admin', 2, 'ROLE-06', 'PC端 | Chrome 114.0.0.0 | Windows Windows 10 or Windows Server 2016'),
	('1667344486038114304', NULL, '2023-06-10 09:34:37.915000', 0, NULL, '2023-06-10 09:34:37.915000', 32, '127.0.0.1', '本地测试', '查询角色', '{"pageNumber":"1","pageSize":"15","sort":"createTime","order":"desc"}', 'GET', '/zwz/role/getAllByPage', 'admin', 2, 'ROLE-02', 'PC端 | Chrome 114.0.0.0 | Windows Windows 10 or Windows Server 2016'),
	('1667344641743261696', NULL, '2023-06-10 09:35:15.075000', 0, NULL, '2023-06-10 09:35:15.075000', 111, '127.0.0.1', '本地测试', '修改菜单权限', '{"roleId":"1667344323877933056","permIds":"125909152017944576,1636971653256843264,1636986266572689408,1636971725705056256,1636971806336356352,1637004715210444800,1637004751449231360,1637004778129199104,1636971962439962624,1636972031469817856,1637004922262261760,1637005040529051648,1637004957293088768,1637004989018804224,1636972155004653568,1636972258851426304,1637005082912493568,1637005110745894912,1637005138717708288,1636974216572178432,1636974381538349056,1636974468972810240,1636974537574846464,1637005297572777984,1637005333157253120"}', 'POST', '/zwz/role/editRolePerm', 'admin', 2, 'ROLE-04', 'PC端 | Chrome 114.0.0.0 | Windows Windows 10 or Windows Server 2016'),
	('1667344643462926337', NULL, '2023-06-10 09:35:15.448000', 0, NULL, '2023-06-10 09:35:15.448000', 38, '127.0.0.1', '本地测试', '查询角色', '{"pageNumber":"1","pageSize":"15","sort":"createTime","order":"desc"}', 'GET', '/zwz/role/getAllByPage', 'admin', 2, 'ROLE-02', 'PC端 | Chrome 114.0.0.0 | Windows Windows 10 or Windows Server 2016'),
	('1667344643630698496', NULL, '2023-06-10 09:35:15.487000', 0, NULL, '2023-06-10 09:35:15.487000', 78, '127.0.0.1', '本地测试', '查询菜单', '{}', 'GET', '/zwz/permission/getMenuList', 'admin', 2, 'PERMISSION-02', 'PC端 | Chrome 114.0.0.0 | Windows Windows 10 or Windows Server 2016'),
	('1667344654280036352', NULL, '2023-06-10 09:35:18.028000', 0, NULL, '2023-06-10 09:35:18.028000', 31, '127.0.0.1', '本地测试', '查询子部门', '{}', 'GET', '/zwz/department/getByParentId', 'admin', 2, 'DEP-01', 'PC端 | Chrome 114.0.0.0 | Windows Windows 10 or Windows Server 2016'),
	('1667344655550910464', NULL, '2023-06-10 09:35:18.332000', 0, NULL, '2023-06-10 09:35:18.332000', 25, '127.0.0.1', '本地测试', '查询全部角色', '{}', 'GET', '/zwz/role/getAllList', 'admin', 2, 'ROLE-01', 'PC端 | Chrome 114.0.0.0 | Windows Windows 10 or Windows Server 2016'),
	('1667344655563493376', NULL, '2023-06-10 09:35:18.368000', 0, NULL, '2023-06-10 09:35:18.368000', 62, '127.0.0.1', '本地测试', '查询单个数据字典的值', '{}', 'GET', '/zwz/dictData/getByType/sex', 'admin', 2, 'DICT_DATA-01', 'PC端 | Chrome 114.0.0.0 | Windows Windows 10 or Windows Server 2016'),
	('1667344655609630720', NULL, '2023-06-10 09:35:18.378000', 0, NULL, '2023-06-10 09:35:18.378000', 71, '127.0.0.1', '本地测试', '查询用户', '{"nickname":"","departmentId":"","pageNumber":"1","pageSize":"20","sort":"createTime","order":"desc","type":"0"}', 'GET', '/zwz/user/getUserList', 'admin', 2, 'USER-07', 'PC端 | Chrome 114.0.0.0 | Windows Windows 10 or Windows Server 2016'),
	('1667344655739654144', NULL, '2023-06-10 09:35:18.378000', 0, NULL, '2023-06-10 09:35:18.378000', 33, '127.0.0.1', '本地测试', '查询子部门', '{}', 'GET', '/zwz/department/getByParentId', 'admin', 2, 'DEP-01', 'PC端 | Chrome 114.0.0.0 | Windows Windows 10 or Windows Server 2016'),
	('1667344662958051328', NULL, '2023-06-10 09:35:20.096000', 0, NULL, '2023-06-10 09:35:20.096000', 35, '127.0.0.1', '本地测试', '查询子部门', '{}', 'GET', '/zwz/department/getByParentId', 'admin', 2, 'DEP-01', 'PC端 | Chrome 114.0.0.0 | Windows Windows 10 or Windows Server 2016'),
	('1667344663641722880', NULL, '2023-06-10 09:35:20.259000', 0, NULL, '2023-06-10 09:35:20.259000', 27, '127.0.0.1', '本地测试', '查询单个数据字典的值', '{}', 'GET', '/zwz/dictData/getByType/sex', 'admin', 2, 'DICT_DATA-01', 'PC端 | Chrome 114.0.0.0 | Windows Windows 10 or Windows Server 2016'),
	('1667344664254091268', NULL, '2023-06-10 09:35:20.405000', 0, NULL, '2023-06-10 09:35:20.405000', 24, '127.0.0.1', '本地测试', '查询全部角色', '{}', 'GET', '/zwz/role/getAllList', 'admin', 2, 'ROLE-01', 'PC端 | Chrome 114.0.0.0 | Windows Windows 10 or Windows Server 2016'),
	('1667344664266674179', NULL, '2023-06-10 09:35:20.410000', 0, NULL, '2023-06-10 09:35:20.410000', 28, '127.0.0.1', '本地测试', '查询子部门', '{}', 'GET', '/zwz/department/getByParentId', 'admin', 2, 'DEP-01', 'PC端 | Chrome 114.0.0.0 | Windows Windows 10 or Windows Server 2016'),
	('1667344664304422912', NULL, '2023-06-10 09:35:20.418000', 0, NULL, '2023-06-10 09:35:20.418000', 35, '127.0.0.1', '本地测试', '查询用户', '{"nickname":"","departmentId":"","pageNumber":"1","pageSize":"20","sort":"createTime","order":"desc","type":"1"}', 'GET', '/zwz/user/getUserList', 'admin', 2, 'USER-07', 'PC端 | Chrome 114.0.0.0 | Windows Windows 10 or Windows Server 2016'),
	('1667344716347346944', NULL, '2023-06-10 09:35:32.847000', 0, NULL, '2023-06-10 09:35:32.847000', 59, '127.0.0.1', '本地测试', '查询用户', '{"nickname":"","departmentId":"","pageNumber":"1","pageSize":"20","sort":"createTime","order":"desc","type":"1"}', 'GET', '/zwz/user/getUserList', 'admin', 2, 'USER-07', 'PC端 | Chrome 114.0.0.0 | Windows Windows 10 or Windows Server 2016'),
	('1667345312882233344', NULL, '2023-06-10 09:37:55.386000', 0, NULL, '2023-06-10 09:37:55.386000', 371, '127.0.0.1', '本地测试', '查询用户', '{"nickname":"","departmentId":"","pageNumber":"1","pageSize":"20","sort":"createTime","order":"desc","type":"1"}', 'GET', '/zwz/user/getUserList', '管理员', 2, 'USER-07', 'PC端 | Chrome 114.0.0.0 | Windows Windows 10 or Windows Server 2016'),
	('1667345331156815872', NULL, '2023-06-10 09:37:59.411000', 0, NULL, '2023-06-10 09:37:59.411000', 76, '127.0.0.1', '本地测试', '查询子部门', '{}', 'GET', '/zwz/department/getByParentId', '管理员', 2, 'DEP-01', 'PC端 | Chrome 114.0.0.0 | Windows Windows 10 or Windows Server 2016'),
	('1667345332259917824', NULL, '2023-06-10 09:37:59.671000', 0, NULL, '2023-06-10 09:37:59.671000', 30, '127.0.0.1', '本地测试', '查询全部角色', '{}', 'GET', '/zwz/role/getAllList', '管理员', 2, 'ROLE-01', 'PC端 | Chrome 114.0.0.0 | Windows Windows 10 or Windows Server 2016'),
	('1667345332314443776', NULL, '2023-06-10 09:37:59.726000', 0, NULL, '2023-06-10 09:37:59.726000', 77, '127.0.0.1', '本地测试', '查询单个数据字典的值', '{}', 'GET', '/zwz/dictData/getByType/sex', '管理员', 2, 'DICT_DATA-01', 'PC端 | Chrome 114.0.0.0 | Windows Windows 10 or Windows Server 2016'),
	('1667345332683542528', NULL, '2023-06-10 09:37:59.779000', 0, NULL, '2023-06-10 09:37:59.779000', 47, '127.0.0.1', '本地测试', '查询子部门', '{}', 'GET', '/zwz/department/getByParentId', '管理员', 2, 'DEP-01', 'PC端 | Chrome 114.0.0.0 | Windows Windows 10 or Windows Server 2016'),
	('1667345371849953280', NULL, '2023-06-10 09:38:09.158000', 0, NULL, '2023-06-10 09:38:09.158000', 90, '127.0.0.1', '本地测试', '查询菜单', '{}', 'GET', '/zwz/permission/getMenuList', '管理员', 2, 'PERMISSION-02', 'PC端 | Chrome 114.0.0.0 | Windows Windows 10 or Windows Server 2016'),
	('1667345374861463552', NULL, '2023-06-10 09:38:09.840000', 0, NULL, '2023-06-10 09:38:09.840000', 38, '127.0.0.1', '本地测试', '查询全部角色', '{}', 'GET', '/zwz/role/getAllList', '管理员', 2, 'ROLE-01', 'PC端 | Chrome 114.0.0.0 | Windows Windows 10 or Windows Server 2016'),
	('1667345374878240768', NULL, '2023-06-10 09:38:09.880000', 0, NULL, '2023-06-10 09:38:09.880000', 89, '127.0.0.1', '本地测试', '查询子部门', '{}', 'GET', '/zwz/department/getByParentId', '管理员', 2, 'DEP-01', 'PC端 | Chrome 114.0.0.0 | Windows Windows 10 or Windows Server 2016'),
	('1667345374878240769', NULL, '2023-06-10 09:38:09.880000', 0, NULL, '2023-06-10 09:38:09.880000', 84, '127.0.0.1', '本地测试', '查询单个数据字典的值', '{}', 'GET', '/zwz/dictData/getByType/sex', '管理员', 2, 'DICT_DATA-01', 'PC端 | Chrome 114.0.0.0 | Windows Windows 10 or Windows Server 2016'),
	('1667345375352197120', NULL, '2023-06-10 09:38:09.954000', 0, NULL, '2023-06-10 09:38:09.954000', 48, '127.0.0.1', '本地测试', '查询子部门', '{}', 'GET', '/zwz/department/getByParentId', '管理员', 2, 'DEP-01', 'PC端 | Chrome 114.0.0.0 | Windows Windows 10 or Windows Server 2016'),
	('1667345806023331840', NULL, '2023-06-10 09:39:52.971000', 0, NULL, '2023-06-10 09:39:52.971000', 358, '127.0.0.1', '本地测试', '查询菜单', '{}', 'GET', '/zwz/permission/getMenuList', '管理员', 2, 'PERMISSION-02', 'PC端 | Chrome 114.0.0.0 | Windows Windows 10 or Windows Server 2016'),
	('1667345809752068096', NULL, '2023-06-10 09:39:53.525000', 0, NULL, '2023-06-10 09:39:53.525000', 34, '127.0.0.1', '本地测试', '查询全部角色', '{}', 'GET', '/zwz/role/getAllList', '管理员', 2, 'ROLE-01', 'PC端 | Chrome 114.0.0.0 | Windows Windows 10 or Windows Server 2016'),
	('1667345809873702912', NULL, '2023-06-10 09:39:53.549000', 0, NULL, '2023-06-10 09:39:53.549000', 43, '127.0.0.1', '本地测试', '查询单个数据字典的值', '{}', 'GET', '/zwz/dictData/getByType/sex', '管理员', 2, 'DICT_DATA-01', 'PC端 | Chrome 114.0.0.0 | Windows Windows 10 or Windows Server 2016'),
	('1667345809940811776', NULL, '2023-06-10 09:39:53.610000', 0, NULL, '2023-06-10 09:39:53.610000', 109, '127.0.0.1', '本地测试', '查询子部门', '{}', 'GET', '/zwz/department/getByParentId', '管理员', 2, 'DEP-01', 'PC端 | Chrome 114.0.0.0 | Windows Windows 10 or Windows Server 2016'),
	('1667345810490265601', NULL, '2023-06-10 09:39:53.696000', 0, NULL, '2023-06-10 09:39:53.696000', 49, '127.0.0.1', '本地测试', '查询子部门', '{}', 'GET', '/zwz/department/getByParentId', '管理员', 2, 'DEP-01', 'PC端 | Chrome 114.0.0.0 | Windows Windows 10 or Windows Server 2016'),
	('1667345810628677632', NULL, '2023-06-10 09:39:53.732000', 0, NULL, '2023-06-10 09:39:53.732000', 218, '127.0.0.1', '本地测试', '查询用户', '{"nickname":"","departmentId":"","pageNumber":"1","pageSize":"20","sort":"createTime","order":"desc"}', 'GET', '/zwz/user/getUserList', '管理员', 2, 'USER-07', 'PC端 | Chrome 114.0.0.0 | Windows Windows 10 or Windows Server 2016'),
	('1667345849883168768', NULL, '2023-06-10 09:40:03.113000', 0, NULL, '2023-06-10 09:40:03.113000', 77, '127.0.0.1', '本地测试', '管理员修改资料', '{"id":"1464772465946398721","updateBy":"admin","updateTime":"2022-05-21 09:53:33","createBy":"","createTime":"2022-03-20 09:46:20","delFlag":"0","nickname":"学生B","username":"13600000002","password":"","passStrength":"弱","age":"","moneyData":"","mobile":"13600000002","departmentId":"1464487288363945985","departmentTitle":"部门A","email":"13600000002@qq.com","sex":"女","address":"[\\"110000\\",\\"110100\\",\\"110105\\"]","type":"0","myDoor":"","status":"0","avatar":"https://jujia.lucheng.gov.cn/app/file/view/1663719005518696451","defaultRole":"","_index":"3","_rowKey":"4","addressArray":"110000,110100,110105","roleIds":"1536606659751841795"}', 'POST', '/zwz/user/admin/edit', '管理员', 2, 'USER-11', 'PC端 | Chrome 114.0.0.0 | Windows Windows 10 or Windows Server 2016'),
	('1667345850843664384', NULL, '2023-06-10 09:40:03.312000', 0, NULL, '2023-06-10 09:40:03.312000', 47, '127.0.0.1', '本地测试', '查询用户', '{"nickname":"","departmentId":"","pageNumber":"1","pageSize":"20","sort":"createTime","order":"desc"}', 'GET', '/zwz/user/getUserList', '管理员', 2, 'USER-07', 'PC端 | Chrome 114.0.0.0 | Windows Windows 10 or Windows Server 2016'),
	('1667345868187111424', NULL, '2023-06-10 09:40:07.447000', 0, NULL, '2023-06-10 09:40:07.447000', 43, '127.0.0.1', '本地测试', '管理员修改资料', '{"id":"1464764315201572865","updateBy":"admin","updateTime":"2022-05-21 09:11:48","createBy":"","createTime":"2022-03-20 09:46:20","delFlag":"0","nickname":"学生A","username":"13600000001","password":"","passStrength":"弱","age":"","moneyData":"","mobile":"13600000001","departmentId":"1464487288363945985","departmentTitle":"部门A","email":"13600000001@qq.com","sex":"女","address":"[\\"110000\\",\\"110100\\",\\"110105\\"]","type":"0","myDoor":"","status":"0","avatar":"https://jujia.lucheng.gov.cn/app/file/view/1663719005518696451","defaultRole":"","_index":"2","_rowKey":"7","addressArray":"110000,110100,110105","roleIds":"1536606659751841795"}', 'POST', '/zwz/user/admin/edit', '管理员', 2, 'USER-11', 'PC端 | Chrome 114.0.0.0 | Windows Windows 10 or Windows Server 2016'),
	('1667345869831278592', NULL, '2023-06-10 09:40:07.837000', 0, NULL, '2023-06-10 09:40:07.837000', 37, '127.0.0.1', '本地测试', '查询用户', '{"nickname":"","departmentId":"","pageNumber":"1","pageSize":"20","sort":"createTime","order":"desc"}', 'GET', '/zwz/user/getUserList', '管理员', 2, 'USER-07', 'PC端 | Chrome 114.0.0.0 | Windows Windows 10 or Windows Server 2016'),
	('1667345886746906624', NULL, '2023-06-10 09:40:11.869000', 0, NULL, '2023-06-10 09:40:11.869000', 39, '127.0.0.1', '本地测试', '管理员修改资料', '{"id":"1527830053524738048","updateBy":"","updateTime":"","createBy":"admin","createTime":"2022-05-21 09:54:05","delFlag":"0","nickname":"教师","username":"13600000010","password":"","passStrength":"弱","age":"","moneyData":"","mobile":"13600000010","departmentId":"1464487288363945985","departmentTitle":"部门A","email":"13600000010@qq.com","sex":"男","address":"[\\"110000\\",\\"110100\\",\\"110106\\"]","type":"0","myDoor":"","status":"0","avatar":"https://jujia.lucheng.gov.cn/app/file/view/1663719005518696451","defaultRole":"","_index":"0","_rowKey":"9","addressArray":"110000,110100,110106","roleIds":"1667344323877933056"}', 'POST', '/zwz/user/admin/edit', '管理员', 2, 'USER-11', 'PC端 | Chrome 114.0.0.0 | Windows Windows 10 or Windows Server 2016'),
	('1667345888302993408', NULL, '2023-06-10 09:40:12.240000', 0, NULL, '2023-06-10 09:40:12.240000', 35, '127.0.0.1', '本地测试', '查询用户', '{"nickname":"","departmentId":"","pageNumber":"1","pageSize":"20","sort":"createTime","order":"desc"}', 'GET', '/zwz/user/getUserList', '管理员', 2, 'USER-07', 'PC端 | Chrome 114.0.0.0 | Windows Windows 10 or Windows Server 2016'),
	('1667345903763197952', NULL, '2023-06-10 09:40:15.927000', 0, NULL, '2023-06-10 09:40:15.927000', 36, '127.0.0.1', '本地测试', '管理员修改资料', '{"id":"1527830053524738048","updateBy":"admin","updateTime":"2023-06-10 09:40:11","createBy":"admin","createTime":"2022-05-21 09:54:05","delFlag":"0","nickname":"教师","username":"13600000010","password":"","passStrength":"弱","age":"","moneyData":"","mobile":"13600000010","departmentId":"1464487288363945985","departmentTitle":"部门A","email":"13600000010@qq.com","sex":"男","address":"[\\"110000\\",\\"110100\\",\\"110106\\"]","type":"1","myDoor":"","status":"0","avatar":"https://jujia.lucheng.gov.cn/app/file/view/1663719005518696451","defaultRole":"","_index":"0","_rowKey":"13","addressArray":"110000,110100,110106","roleIds":"1667344323877933056"}', 'POST', '/zwz/user/admin/edit', '管理员', 2, 'USER-11', 'PC端 | Chrome 114.0.0.0 | Windows Windows 10 or Windows Server 2016'),
	('1667345905323479040', NULL, '2023-06-10 09:40:16.299000', 0, NULL, '2023-06-10 09:40:16.299000', 34, '127.0.0.1', '本地测试', '查询用户', '{"nickname":"","departmentId":"","pageNumber":"1","pageSize":"20","sort":"createTime","order":"desc"}', 'GET', '/zwz/user/getUserList', '管理员', 2, 'USER-07', 'PC端 | Chrome 114.0.0.0 | Windows Windows 10 or Windows Server 2016'),
	('1667345918300655616', NULL, '2023-06-10 09:40:19.395000', 0, NULL, '2023-06-10 09:40:19.395000', 38, '127.0.0.1', '本地测试', '管理员修改资料', '{"id":"1464764315201572864","updateBy":"admin","updateTime":"2023-05-31 10:01:43","createBy":"","createTime":"2022-03-20 09:46:20","delFlag":"0","nickname":"管理员","username":"admin","password":"","passStrength":"弱","age":"","moneyData":"","mobile":"17857054388","departmentId":"1464487288363945985","departmentTitle":"部门A","email":"916077357@qq.com","sex":"男","address":"[\\"330000\\",\\"330600\\",\\"330602\\"]","type":"2","myDoor":"user-adminZWZ666department-adminZWZ666file-adminZWZ666role-manageZWZ666menu-manageZWZ666log-manage","status":"0","avatar":"https://jujia.lucheng.gov.cn/app/file/view/1663719005518696451","defaultRole":"","_index":"1","_rowKey":"18","addressArray":"330000,330600,330602","roleIds":"1536606659751841799"}', 'POST', '/zwz/user/admin/edit', '管理员', 2, 'USER-11', 'PC端 | Chrome 114.0.0.0 | Windows Windows 10 or Windows Server 2016'),
	('1667345919818993664', NULL, '2023-06-10 09:40:19.765000', 0, NULL, '2023-06-10 09:40:19.765000', 38, '127.0.0.1', '本地测试', '查询用户', '{"nickname":"","departmentId":"","pageNumber":"1","pageSize":"20","sort":"createTime","order":"desc"}', 'GET', '/zwz/user/getUserList', '管理员', 2, 'USER-07', 'PC端 | Chrome 114.0.0.0 | Windows Windows 10 or Windows Server 2016'),
	('1667346248706953216', NULL, '2023-06-10 09:41:38.232000', 0, NULL, '2023-06-10 09:41:38.232000', 236, '127.0.0.1', '本地测试', '查询菜单', '{}', 'GET', '/zwz/permission/getMenuList', '管理员', 2, 'PERMISSION-02', 'PC端 | Chrome 114.0.0.0 | Windows Windows 10 or Windows Server 2016'),
	('1667346251294838784', NULL, '2023-06-10 09:41:38.802000', 0, NULL, '2023-06-10 09:41:38.802000', 44, '127.0.0.1', '本地测试', '查询全部角色', '{}', 'GET', '/zwz/role/getAllList', '管理员', 2, 'ROLE-01', 'PC端 | Chrome 114.0.0.0 | Windows Windows 10 or Windows Server 2016'),
	('1667346251307421696', NULL, '2023-06-10 09:41:38.853000', 0, NULL, '2023-06-10 09:41:38.853000', 98, '127.0.0.1', '本地测试', '查询子部门', '{}', 'GET', '/zwz/department/getByParentId', '管理员', 2, 'DEP-01', 'PC端 | Chrome 114.0.0.0 | Windows Windows 10 or Windows Server 2016'),
	('1667346251307421697', NULL, '2023-06-10 09:41:38.847000', 0, NULL, '2023-06-10 09:41:38.847000', 89, '127.0.0.1', '本地测试', '查询单个数据字典的值', '{}', 'GET', '/zwz/dictData/getByType/sex', '管理员', 2, 'DICT_DATA-01', 'PC端 | Chrome 114.0.0.0 | Windows Windows 10 or Windows Server 2016'),
	('1667346251420667904', NULL, '2023-06-10 09:41:38.876000', 0, NULL, '2023-06-10 09:41:38.876000', 115, '127.0.0.1', '本地测试', '查询用户', '{"nickname":"","departmentId":"","pageNumber":"1","pageSize":"20","sort":"createTime","order":"desc"}', 'GET', '/zwz/user/getUserList', '管理员', 2, 'USER-07', 'PC端 | Chrome 114.0.0.0 | Windows Windows 10 or Windows Server 2016'),
	('1667346253064835072', NULL, '2023-06-10 09:41:39.223000', 0, NULL, '2023-06-10 09:41:39.223000', 44, '127.0.0.1', '本地测试', '查询子部门', '{}', 'GET', '/zwz/department/getByParentId', '管理员', 2, 'DEP-01', 'PC端 | Chrome 114.0.0.0 | Windows Windows 10 or Windows Server 2016'),
	('1667346261637992448', NULL, '2023-06-10 09:41:41.268000', 0, NULL, '2023-06-10 09:41:41.268000', 47, '127.0.0.1', '本地测试', '查询子部门', '{}', 'GET', '/zwz/department/getByParentId', '管理员', 2, 'DEP-01', 'PC端 | Chrome 114.0.0.0 | Windows Windows 10 or Windows Server 2016'),
	('1667346262116143104', NULL, '2023-06-10 09:41:41.382000', 0, NULL, '2023-06-10 09:41:41.382000', 46, '127.0.0.1', '本地测试', '查询单个数据字典的值', '{}', 'GET', '/zwz/dictData/getByType/sex', '管理员', 2, 'DICT_DATA-01', 'PC端 | Chrome 114.0.0.0 | Windows Windows 10 or Windows Server 2016'),
	('1667346262963392512', NULL, '2023-06-10 09:41:41.583000', 0, NULL, '2023-06-10 09:41:41.583000', 42, '127.0.0.1', '本地测试', '查询全部角色', '{}', 'GET', '/zwz/role/getAllList', '管理员', 2, 'ROLE-01', 'PC端 | Chrome 114.0.0.0 | Windows Windows 10 or Windows Server 2016'),
	('1667346262988558338', NULL, '2023-06-10 09:41:41.584000', 0, NULL, '2023-06-10 09:41:41.584000', 43, '127.0.0.1', '本地测试', '查询子部门', '{}', 'GET', '/zwz/department/getByParentId', '管理员', 2, 'DEP-01', 'PC端 | Chrome 114.0.0.0 | Windows Windows 10 or Windows Server 2016'),
	('1667346263013724160', NULL, '2023-06-10 09:41:41.595000', 0, NULL, '2023-06-10 09:41:41.595000', 52, '127.0.0.1', '本地测试', '查询用户', '{"nickname":"","departmentId":"","pageNumber":"1","pageSize":"20","sort":"createTime","order":"desc","type":"0"}', 'GET', '/zwz/user/getUserList', '管理员', 2, 'USER-07', 'PC端 | Chrome 114.0.0.0 | Windows Windows 10 or Windows Server 2016'),
	('1667346265677107200', NULL, '2023-06-10 09:41:42.230000', 0, NULL, '2023-06-10 09:41:42.230000', 49, '127.0.0.1', '本地测试', '查询子部门', '{}', 'GET', '/zwz/department/getByParentId', '管理员', 2, 'DEP-01', 'PC端 | Chrome 114.0.0.0 | Windows Windows 10 or Windows Server 2016'),
	('1667346266922815488', NULL, '2023-06-10 09:41:42.529000', 0, NULL, '2023-06-10 09:41:42.529000', 43, '127.0.0.1', '本地测试', '查询全部角色', '{}', 'GET', '/zwz/role/getAllList', '管理员', 2, 'ROLE-01', 'PC端 | Chrome 114.0.0.0 | Windows Windows 10 or Windows Server 2016'),
	('1667346266927009794', NULL, '2023-06-10 09:41:42.526000', 0, NULL, '2023-06-10 09:41:42.526000', 40, '127.0.0.1', '本地测试', '查询单个数据字典的值', '{}', 'GET', '/zwz/dictData/getByType/sex', '管理员', 2, 'DICT_DATA-01', 'PC端 | Chrome 114.0.0.0 | Windows Windows 10 or Windows Server 2016'),
	('1667346266947981312', NULL, '2023-06-10 09:41:42.535000', 0, NULL, '2023-06-10 09:41:42.535000', 46, '127.0.0.1', '本地测试', '查询用户', '{"nickname":"","departmentId":"","pageNumber":"1","pageSize":"20","sort":"createTime","order":"desc","type":"1"}', 'GET', '/zwz/user/getUserList', '管理员', 2, 'USER-07', 'PC端 | Chrome 114.0.0.0 | Windows Windows 10 or Windows Server 2016'),
	('1667346267220611072', NULL, '2023-06-10 09:41:42.599000', 0, NULL, '2023-06-10 09:41:42.599000', 47, '127.0.0.1', '本地测试', '查询子部门', '{}', 'GET', '/zwz/department/getByParentId', '管理员', 2, 'DEP-01', 'PC端 | Chrome 114.0.0.0 | Windows Windows 10 or Windows Server 2016'),
	('1667346666983919616', NULL, '2023-06-10 09:43:17.955000', 0, NULL, '2023-06-10 09:43:17.955000', 89, '127.0.0.1', '本地测试', '查询菜单', '{}', 'GET', '/zwz/permission/getMenuList', '管理员', 2, 'PERMISSION-02', 'PC端 | Chrome 114.0.0.0 | Windows Windows 10 or Windows Server 2016'),
	('1667347117460557824', NULL, '2023-06-10 09:45:05.358000', 0, NULL, '2023-06-10 09:45:05.358000', 88, '127.0.0.1', '本地测试', '查询菜单', '{}', 'GET', '/zwz/permission/getMenuList', '管理员', 2, 'PERMISSION-02', 'PC端 | Chrome 114.0.0.0 | Windows Windows 10 or Windows Server 2016'),
	('1667347520847745024', NULL, '2023-06-10 09:46:41.890000', 0, NULL, '2023-06-10 09:46:41.890000', 383, '127.0.0.1', '本地测试', '查询菜单', '{}', 'GET', '/zwz/permission/getMenuList', '管理员', 2, 'PERMISSION-02', 'PC端 | Chrome 114.0.0.0 | Windows Windows 10 or Windows Server 2016'),
	('1667348082322444288', NULL, '2023-06-10 09:48:55.428000', 0, NULL, '2023-06-10 09:48:55.428000', 105, '127.0.0.1', '本地测试', '查询菜单', '{}', 'GET', '/zwz/permission/getMenuList', '管理员', 2, 'PERMISSION-02', 'PC端 | Chrome 114.0.0.0 | Windows Windows 10 or Windows Server 2016'),
	('1667348354453082112', NULL, '2023-06-10 09:50:00.276000', 0, NULL, '2023-06-10 09:50:00.276000', 84, '127.0.0.1', '本地测试', '查询菜单', '{}', 'GET', '/zwz/permission/getMenuList', '管理员', 2, 'PERMISSION-02', 'PC端 | Chrome 114.0.0.0 | Windows Windows 10 or Windows Server 2016'),
	('1667348423692652544', NULL, '2023-06-10 09:50:16.789000', 0, NULL, '2023-06-10 09:50:16.789000', 94, '127.0.0.1', '本地测试', '查询菜单', '{}', 'GET', '/zwz/permission/getMenuList', '管理员', 2, 'PERMISSION-02', 'PC端 | Chrome 114.0.0.0 | Windows Windows 10 or Windows Server 2016'),
	('1667348773925425152', NULL, '2023-06-10 09:51:40.303000', 0, NULL, '2023-06-10 09:51:40.303000', 103, '127.0.0.1', '本地测试', '查询菜单', '{}', 'GET', '/zwz/permission/getMenuList', '管理员', 2, 'PERMISSION-02', 'PC端 | Chrome 114.0.0.0 | Windows Windows 10 or Windows Server 2016'),
	('1667348837301358592', NULL, '2023-06-10 09:51:55.397000', 0, NULL, '2023-06-10 09:51:55.397000', 89, '127.0.0.1', '本地测试', '查询菜单', '{}', 'GET', '/zwz/permission/getMenuList', '管理员', 2, 'PERMISSION-02', 'PC端 | Chrome 114.0.0.0 | Windows Windows 10 or Windows Server 2016'),
	('1667348875343695872', NULL, '2023-06-10 09:52:04.480000', 0, NULL, '2023-06-10 09:52:04.480000', 106, '127.0.0.1', '本地测试', '查询菜单', '{}', 'GET', '/zwz/permission/getMenuList', '管理员', 2, 'PERMISSION-02', 'PC端 | Chrome 114.0.0.0 | Windows Windows 10 or Windows Server 2016'),
	('1667349048694280192', NULL, '2023-06-10 09:52:45.805000', 0, NULL, '2023-06-10 09:52:45.805000', 91, '127.0.0.1', '本地测试', '查询全部角色', '{}', 'GET', '/zwz/role/getAllList', '管理员', 2, 'ROLE-01', 'PC端 | Chrome 114.0.0.0 | Windows Windows 10 or Windows Server 2016'),
	('1667349048753000448', NULL, '2023-06-10 09:52:45.811000', 0, NULL, '2023-06-10 09:52:45.811000', 92, '127.0.0.1', '本地测试', '查询单个数据字典的值', '{}', 'GET', '/zwz/dictData/getByType/sex', '管理员', 2, 'DICT_DATA-01', 'PC端 | Chrome 114.0.0.0 | Windows Windows 10 or Windows Server 2016'),
	('1667349048820109312', NULL, '2023-06-10 09:52:45.828000', 0, NULL, '2023-06-10 09:52:45.828000', 117, '127.0.0.1', '本地测试', '查询子部门', '{}', 'GET', '/zwz/department/getByParentId', '管理员', 2, 'DEP-01', 'PC端 | Chrome 114.0.0.0 | Windows Windows 10 or Windows Server 2016'),
	('1667349048870440960', NULL, '2023-06-10 09:52:45.838000', 0, NULL, '2023-06-10 09:52:45.838000', 113, '127.0.0.1', '本地测试', '查询用户', '{"nickname":"","departmentId":"","pageNumber":"1","pageSize":"20","sort":"createTime","order":"desc","type":"0"}', 'GET', '/zwz/user/getUserList', '管理员', 2, 'USER-07', 'PC端 | Chrome 114.0.0.0 | Windows Windows 10 or Windows Server 2016'),
	('1667349050548162560', NULL, '2023-06-10 09:52:46.196000', 0, NULL, '2023-06-10 09:52:46.196000', 42, '127.0.0.1', '本地测试', '查询子部门', '{}', 'GET', '/zwz/department/getByParentId', '管理员', 2, 'DEP-01', 'PC端 | Chrome 114.0.0.0 | Windows Windows 10 or Windows Server 2016'),
	('1667349053991686147', NULL, '2023-06-10 09:52:47.016000', 0, NULL, '2023-06-10 09:52:47.016000', 46, '127.0.0.1', '本地测试', '查询子部门', '{}', 'GET', '/zwz/department/getByParentId', '管理员', 2, 'DEP-01', 'PC端 | Chrome 114.0.0.0 | Windows Windows 10 or Windows Server 2016'),
	('1667349054608248832', NULL, '2023-06-10 09:52:47.164000', 0, NULL, '2023-06-10 09:52:47.164000', 48, '127.0.0.1', '本地测试', '查询单个数据字典的值', '{}', 'GET', '/zwz/dictData/getByType/sex', '管理员', 2, 'DICT_DATA-01', 'PC端 | Chrome 114.0.0.0 | Windows Windows 10 or Windows Server 2016'),
	('1667349055317086208', NULL, '2023-06-10 09:52:47.328000', 0, NULL, '2023-06-10 09:52:47.328000', 36, '127.0.0.1', '本地测试', '查询全部角色', '{}', 'GET', '/zwz/role/getAllList', '管理员', 2, 'ROLE-01', 'PC端 | Chrome 114.0.0.0 | Windows Windows 10 or Windows Server 2016'),
	('1667349055338057728', NULL, '2023-06-10 09:52:47.337000', 0, NULL, '2023-06-10 09:52:47.337000', 42, '127.0.0.1', '本地测试', '查询子部门', '{}', 'GET', '/zwz/department/getByParentId', '管理员', 2, 'DEP-01', 'PC端 | Chrome 114.0.0.0 | Windows Windows 10 or Windows Server 2016'),
	('1667349055371612160', NULL, '2023-06-10 09:52:47.345000', 0, NULL, '2023-06-10 09:52:47.345000', 51, '127.0.0.1', '本地测试', '查询用户', '{"nickname":"","departmentId":"","pageNumber":"1","pageSize":"20","sort":"createTime","order":"desc","type":"1"}', 'GET', '/zwz/user/getUserList', '管理员', 2, 'USER-07', 'PC端 | Chrome 114.0.0.0 | Windows Windows 10 or Windows Server 2016'),
	('1667349064997539840', NULL, '2023-06-10 09:52:49.643000', 0, NULL, '2023-06-10 09:52:49.643000', 47, '127.0.0.1', '本地测试', '查询单个数据字典的值', '{}', 'GET', '/zwz/dictData/getByType/permission_type', '管理员', 2, 'DICT_DATA-01', 'PC端 | Chrome 114.0.0.0 | Windows Windows 10 or Windows Server 2016'),
	('1667349070739542016', NULL, '2023-06-10 09:52:51.009000', 0, NULL, '2023-06-10 09:52:51.009000', 61, '127.0.0.1', '本地测试', '查询菜单权限拥有者', '{"permissionId":"125909152017944576"}', 'GET', '/zwz/permission/getUserByPermission', '管理员', 2, 'PERMISSION-01', 'PC端 | Chrome 114.0.0.0 | Windows Windows 10 or Windows Server 2016'),
	('1667349109943701504', NULL, '2023-06-10 09:53:00.395000', 0, NULL, '2023-06-10 09:53:00.395000', 88, '127.0.0.1', '本地测试', '编辑菜单', '{"id":"125909152017944576","updateBy":"admin","createBy":"admin","createTime":"2022-03-20 09:46:20","delFlag":"0","name":"zwz","title":"大学兼职教师管理系统","level":"0","status":"0","type":"-1","component":"","path":"","icon":"md-home","parentId":"0","buttonType":"","description":"","sortOrder":"1","expand":"true","selected":"true","checked":"false","permTypes":"","nodeKey":"0"}', 'POST', '/zwz/permission/edit', '管理员', 2, 'PERMISSION-07', 'PC端 | Chrome 114.0.0.0 | Windows Windows 10 or Windows Server 2016'),
	('1667349111596257280', NULL, '2023-06-10 09:53:00.750000', 0, NULL, '2023-06-10 09:53:00.750000', 182, '127.0.0.1', '本地测试', '查询菜单', '{}', 'GET', '/zwz/permission/getMenuList', '管理员', 2, 'PERMISSION-02', 'PC端 | Chrome 114.0.0.0 | Windows Windows 10 or Windows Server 2016'),
	('1667349111701114880', NULL, '2023-06-10 09:53:00.824000', 0, NULL, '2023-06-10 09:53:00.824000', 92, '127.0.0.1', '本地测试', '查询单个数据字典的值', '{}', 'GET', '/zwz/dictData/getByType/permission_type', '管理员', 2, 'DICT_DATA-01', 'PC端 | Chrome 114.0.0.0 | Windows Windows 10 or Windows Server 2016'),
	('1667349112015687680', NULL, '2023-06-10 09:53:00.844000', 0, NULL, '2023-06-10 09:53:00.844000', 113, '127.0.0.1', '本地测试', '查询全部菜单', '{}', 'GET', '/zwz/permission/getAllList', '管理员', 2, 'PERMISSION-04', 'PC端 | Chrome 114.0.0.0 | Windows Windows 10 or Windows Server 2016'),
	('1667349127316508672', NULL, '2023-06-10 09:53:04.496000', 0, NULL, '2023-06-10 09:53:04.496000', 55, '127.0.0.1', '本地测试', '查询个人门户菜单B', '{}', 'POST', '/zwz/myDoor/getMyDoorList6', '管理员', 2, 'MY-DOOR-02', 'PC端 | Chrome 114.0.0.0 | Windows Windows 10 or Windows Server 2016'),
	('1667349131972186112', NULL, '2023-06-10 09:53:05.606000', 0, NULL, '2023-06-10 09:53:05.606000', 48, '127.0.0.1', '本地测试', '查询子部门', '{}', 'GET', '/zwz/department/getByParentId', '管理员', 2, 'DEP-01', 'PC端 | Chrome 114.0.0.0 | Windows Windows 10 or Windows Server 2016'),
	('1667349132538417152', NULL, '2023-06-10 09:53:05.743000', 0, NULL, '2023-06-10 09:53:05.743000', 43, '127.0.0.1', '本地测试', '查询单个数据字典的值', '{}', 'GET', '/zwz/dictData/getByType/sex', '管理员', 2, 'DICT_DATA-01', 'PC端 | Chrome 114.0.0.0 | Windows Windows 10 or Windows Server 2016'),
	('1667349133188534272', NULL, '2023-06-10 09:53:05.898000', 0, NULL, '2023-06-10 09:53:05.898000', 42, '127.0.0.1', '本地测试', '查询全部角色', '{}', 'GET', '/zwz/role/getAllList', '管理员', 2, 'ROLE-01', 'PC端 | Chrome 114.0.0.0 | Windows Windows 10 or Windows Server 2016'),
	('1667349133264031746', NULL, '2023-06-10 09:53:05.952000', 0, NULL, '2023-06-10 09:53:05.952000', 79, '127.0.0.1', '本地测试', '查询子部门', '{}', 'GET', '/zwz/department/getByParentId', '管理员', 2, 'DEP-01', 'PC端 | Chrome 114.0.0.0 | Windows Windows 10 or Windows Server 2016'),
	('1667349133305974784', NULL, '2023-06-10 09:53:05.959000', 0, NULL, '2023-06-10 09:53:05.959000', 84, '127.0.0.1', '本地测试', '查询用户', '{"nickname":"","departmentId":"","pageNumber":"1","pageSize":"20","sort":"createTime","order":"desc"}', 'GET', '/zwz/user/getUserList', '管理员', 2, 'USER-07', 'PC端 | Chrome 114.0.0.0 | Windows Windows 10 or Windows Server 2016'),
	('1667349162116648960', NULL, '2023-06-10 09:53:12.834000', 0, NULL, '2023-06-10 09:53:12.834000', 92, '127.0.0.1', '本地测试', '登录系统', '{"username":"13600000001","password":"","code":"4380","captchaId":"fa797eecfb9a4ba3ae94be35a53103a9","saveLogin":"true"}', 'POST', '/zwz/login', '学生A', 1, '', 'PC端 | Chrome 114.0.0.0 | Windows Windows 10 or Windows Server 2016'),
	('1667349163463020544', NULL, '2023-06-10 09:53:13.115000', 0, NULL, '2023-06-10 09:53:13.115000', 41, '127.0.0.1', '本地测试', '获取当前登录用户', '{}', 'GET', '/zwz/user/info', '学生A', 2, 'USER-02', 'PC端 | Chrome 114.0.0.0 | Windows Windows 10 or Windows Server 2016'),
	('1667349164582899712', NULL, '2023-06-10 09:53:13.383000', 0, NULL, '2023-06-10 09:53:13.383000', 54, '127.0.0.1', '本地测试', '查询菜单', '{}', 'GET', '/zwz/permission/getMenuList', '学生A', 2, 'PERMISSION-02', 'PC端 | Chrome 114.0.0.0 | Windows Windows 10 or Windows Server 2016'),
	('1667349168269692928', NULL, '2023-06-10 09:53:14.260000', 0, NULL, '2023-06-10 09:53:14.260000', 41, '127.0.0.1', '本地测试', '查询菜单', '{}', 'GET', '/zwz/permission/getMenuList', '学生A', 2, 'PERMISSION-02', 'PC端 | Chrome 114.0.0.0 | Windows Windows 10 or Windows Server 2016'),
	('1667349169364406272', NULL, '2023-06-10 09:53:14.525000', 0, NULL, '2023-06-10 09:53:14.525000', 51, '127.0.0.1', '本地测试', '查询个人门户菜单B', '{}', 'POST', '/zwz/myDoor/getMyDoorList6', '学生A', 2, 'MY-DOOR-02', 'PC端 | Chrome 114.0.0.0 | Windows Windows 10 or Windows Server 2016'),
	('1667349399266791424', NULL, '2023-06-10 09:54:09.350000', 0, NULL, '2023-06-10 09:54:09.350000', 55, '127.0.0.1', '本地测试', '登录系统', '{"username":"13600000010","password":"","code":"8201","captchaId":"d4b4e0b9e73b4bc696083bcbe2eb4de0","saveLogin":"true"}', 'POST', '/zwz/login', '教师', 1, '', 'PC端 | Chrome 114.0.0.0 | Windows Windows 10 or Windows Server 2016'),
	('1667349400608968704', NULL, '2023-06-10 09:54:09.643000', 0, NULL, '2023-06-10 09:54:09.643000', 30, '127.0.0.1', '本地测试', '获取当前登录用户', '{}', 'GET', '/zwz/user/info', '教师', 2, 'USER-02', 'PC端 | Chrome 114.0.0.0 | Windows Windows 10 or Windows Server 2016'),
	('1667349401837899776', NULL, '2023-06-10 09:54:09.930000', 0, NULL, '2023-06-10 09:54:09.930000', 49, '127.0.0.1', '本地测试', '查询菜单', '{}', 'GET', '/zwz/permission/getMenuList', '教师', 2, 'PERMISSION-02', 'PC端 | Chrome 114.0.0.0 | Windows Windows 10 or Windows Server 2016'),
	('1667349407009476608', NULL, '2023-06-10 09:54:11.164000', 0, NULL, '2023-06-10 09:54:11.164000', 26, '127.0.0.1', '本地测试', '查询菜单', '{}', 'GET', '/zwz/permission/getMenuList', '教师', 2, 'PERMISSION-02', 'PC端 | Chrome 114.0.0.0 | Windows Windows 10 or Windows Server 2016'),
	('1667349408217436160', NULL, '2023-06-10 09:54:11.455000', 0, NULL, '2023-06-10 09:54:11.455000', 34, '127.0.0.1', '本地测试', '查询个人门户菜单B', '{}', 'POST', '/zwz/myDoor/getMyDoorList6', '教师', 2, 'MY-DOOR-02', 'PC端 | Chrome 114.0.0.0 | Windows Windows 10 or Windows Server 2016'),
	('1667349478941790208', NULL, '2023-06-10 09:54:28.369000', 0, NULL, '2023-06-10 09:54:28.369000', 77, '127.0.0.1', '本地测试', '查询全部角色', '{}', 'GET', '/zwz/role/getAllList', '教师', 2, 'ROLE-01', 'PC端 | Chrome 114.0.0.0 | Windows Windows 10 or Windows Server 2016'),
	('1667349478950178816', NULL, '2023-06-10 09:54:28.355000', 0, NULL, '2023-06-10 09:54:28.355000', 64, '127.0.0.1', '本地测试', '查询单个数据字典的值', '{}', 'GET', '/zwz/dictData/getByType/sex', '教师', 2, 'DICT_DATA-01', 'PC端 | Chrome 114.0.0.0 | Windows Windows 10 or Windows Server 2016'),
	('1667349478992121856', NULL, '2023-06-10 09:54:28.366000', 0, NULL, '2023-06-10 09:54:28.366000', 75, '127.0.0.1', '本地测试', '查询用户', '{"nickname":"","departmentId":"","pageNumber":"1","pageSize":"20","sort":"createTime","order":"desc","type":"0"}', 'GET', '/zwz/user/getUserList', '教师', 2, 'USER-07', 'PC端 | Chrome 114.0.0.0 | Windows Windows 10 or Windows Server 2016'),
	('1667349479046647808', NULL, '2023-06-10 09:54:28.394000', 0, NULL, '2023-06-10 09:54:28.394000', 107, '127.0.0.1', '本地测试', '查询子部门', '{}', 'GET', '/zwz/department/getByParentId', '教师', 2, 'DEP-01', 'PC端 | Chrome 114.0.0.0 | Windows Windows 10 or Windows Server 2016'),
	('1667349480736952320', NULL, '2023-06-10 09:54:28.741000', 0, NULL, '2023-06-10 09:54:28.741000', 26, '127.0.0.1', '本地测试', '查询子部门', '{}', 'GET', '/zwz/department/getByParentId', '教师', 2, 'DEP-01', 'PC端 | Chrome 114.0.0.0 | Windows Windows 10 or Windows Server 2016'),
	('1667349494234222592', NULL, '2023-06-10 09:54:31.959000', 0, NULL, '2023-06-10 09:54:31.959000', 25, '127.0.0.1', '本地测试', '查询个人门户菜单B', '{}', 'POST', '/zwz/myDoor/getMyDoorList6', '教师', 2, 'MY-DOOR-02', 'PC端 | Chrome 114.0.0.0 | Windows Windows 10 or Windows Server 2016'),
	('1667350557016330240', NULL, '2023-06-10 09:58:45.405000', 0, NULL, '2023-06-10 09:58:45.405000', 81, '127.0.0.1', '本地测试', '登录系统', '{"username":"admin","password":"","code":"7360","captchaId":"9b83cc862251415aae6958cd0041af79","saveLogin":"true"}', 'POST', '/zwz/login', '管理员', 1, '', 'PC端 | Chrome 114.0.0.0 | Windows Windows 10 or Windows Server 2016'),
	('1667350558396256256', NULL, '2023-06-10 09:58:45.682000', 0, NULL, '2023-06-10 09:58:45.682000', 31, '127.0.0.1', '本地测试', '获取当前登录用户', '{}', 'GET', '/zwz/user/info', '管理员', 2, 'USER-02', 'PC端 | Chrome 114.0.0.0 | Windows Windows 10 or Windows Server 2016'),
	('1667350559394500608', NULL, '2023-06-10 09:58:45.921000', 0, NULL, '2023-06-10 09:58:45.921000', 32, '127.0.0.1', '本地测试', '查询菜单', '{}', 'GET', '/zwz/permission/getMenuList', '管理员', 2, 'PERMISSION-02', 'PC端 | Chrome 114.0.0.0 | Windows Windows 10 or Windows Server 2016'),
	('1667350563026767872', NULL, '2023-06-10 09:58:46.789000', 0, NULL, '2023-06-10 09:58:46.789000', 34, '127.0.0.1', '本地测试', '查询菜单', '{}', 'GET', '/zwz/permission/getMenuList', '管理员', 2, 'PERMISSION-02', 'PC端 | Chrome 114.0.0.0 | Windows Windows 10 or Windows Server 2016'),
	('1667350563332952064', NULL, '2023-06-10 09:58:46.871000', 0, NULL, '2023-06-10 09:58:46.871000', 51, '127.0.0.1', '本地测试', '查询个人门户菜单B', '{}', 'POST', '/zwz/myDoor/getMyDoorList6', '管理员', 2, 'MY-DOOR-02', 'PC端 | Chrome 114.0.0.0 | Windows Windows 10 or Windows Server 2016'),
	('1667350583897624576', NULL, '2023-06-10 09:58:51.771000', 0, NULL, '2023-06-10 09:58:51.771000', 40, '127.0.0.1', '本地测试', '查询单个数据字典的值', '{}', 'GET', '/zwz/dictData/getByType/sex', '管理员', 2, 'DICT_DATA-01', 'PC端 | Chrome 114.0.0.0 | Windows Windows 10 or Windows Server 2016'),
	('1667350583906013184', NULL, '2023-06-10 09:58:51.793000', 0, NULL, '2023-06-10 09:58:51.793000', 62, '127.0.0.1', '本地测试', '查询子部门', '{}', 'GET', '/zwz/department/getByParentId', '管理员', 2, 'DEP-01', 'PC端 | Chrome 114.0.0.0 | Windows Windows 10 or Windows Server 2016'),
	('1667350583981510656', NULL, '2023-06-10 09:58:51.806000', 0, NULL, '2023-06-10 09:58:51.806000', 54, '127.0.0.1', '本地测试', '查询全部角色', '{}', 'GET', '/zwz/role/getAllList', '管理员', 2, 'ROLE-01', 'PC端 | Chrome 114.0.0.0 | Windows Windows 10 or Windows Server 2016'),
	('1667350584015065088', NULL, '2023-06-10 09:58:51.831000', 0, NULL, '2023-06-10 09:58:51.831000', 78, '127.0.0.1', '本地测试', '查询用户', '{"nickname":"","departmentId":"","pageNumber":"1","pageSize":"20","sort":"createTime","order":"desc","type":"0"}', 'GET', '/zwz/user/getUserList', '管理员', 2, 'USER-07', 'PC端 | Chrome 114.0.0.0 | Windows Windows 10 or Windows Server 2016'),
	('1667350584187031552', NULL, '2023-06-10 09:58:51.825000', 0, NULL, '2023-06-10 09:58:51.825000', 26, '127.0.0.1', '本地测试', '查询子部门', '{}', 'GET', '/zwz/department/getByParentId', '管理员', 2, 'DEP-01', 'PC端 | Chrome 114.0.0.0 | Windows Windows 10 or Windows Server 2016'),
	('1667350593078956035', NULL, '2023-06-10 09:58:53.954000', 0, NULL, '2023-06-10 09:58:53.954000', 35, '127.0.0.1', '本地测试', '查询子部门', '{}', 'GET', '/zwz/department/getByParentId', '管理员', 2, 'DEP-01', 'PC端 | Chrome 114.0.0.0 | Windows Windows 10 or Windows Server 2016'),
	('1667350594400161792', NULL, '2023-06-10 09:58:54.265000', 0, NULL, '2023-06-10 09:58:54.265000', 27, '127.0.0.1', '本地测试', '查询全部角色', '{}', 'GET', '/zwz/role/getAllList', '管理员', 2, 'ROLE-01', 'PC端 | Chrome 114.0.0.0 | Windows Windows 10 or Windows Server 2016'),
	('1667350594404356096', NULL, '2023-06-10 09:58:54.262000', 0, NULL, '2023-06-10 09:58:54.262000', 24, '127.0.0.1', '本地测试', '查询单个数据字典的值', '{}', 'GET', '/zwz/dictData/getByType/sex', '管理员', 2, 'DICT_DATA-01', 'PC端 | Chrome 114.0.0.0 | Windows Windows 10 or Windows Server 2016'),
	('1667350594425327616', NULL, '2023-06-10 09:58:54.267000', 0, NULL, '2023-06-10 09:58:54.267000', 29, '127.0.0.1', '本地测试', '查询用户', '{"nickname":"","departmentId":"","pageNumber":"1","pageSize":"20","sort":"createTime","order":"desc","type":"1"}', 'GET', '/zwz/user/getUserList', '管理员', 2, 'USER-07', 'PC端 | Chrome 114.0.0.0 | Windows Windows 10 or Windows Server 2016'),
	('1667350594530185216', NULL, '2023-06-10 09:58:54.295000', 0, NULL, '2023-06-10 09:58:54.295000', 31, '127.0.0.1', '本地测试', '查询子部门', '{}', 'GET', '/zwz/department/getByParentId', '管理员', 2, 'DEP-01', 'PC端 | Chrome 114.0.0.0 | Windows Windows 10 or Windows Server 2016'),
	('1667350610342711296', NULL, '2023-06-10 09:58:58.074000', 0, NULL, '2023-06-10 09:58:58.074000', 44, '127.0.0.1', '本地测试', '查询个人门户菜单B', '{}', 'POST', '/zwz/myDoor/getMyDoorList6', '管理员', 2, 'MY-DOOR-02', 'PC端 | Chrome 114.0.0.0 | Windows Windows 10 or Windows Server 2016'),
	('1667351013151084544', NULL, '2023-06-10 10:00:34.195000', 0, NULL, '2023-06-10 10:00:34.195000', 117, '127.0.0.1', '本地测试', '登录系统', '{"username":"admin","password":"","code":"0400","captchaId":"ec617c7d943d4e03b756d2914a1f969d","saveLogin":"true"}', 'POST', '/zwz/login', '管理员', 1, '', 'PC端 | Chrome 114.0.0.0 | Windows Windows 10 or Windows Server 2016'),
	('1667351014614896640', NULL, '2023-06-10 10:00:34.477000', 0, NULL, '2023-06-10 10:00:34.477000', 67, '127.0.0.1', '本地测试', '获取当前登录用户', '{}', 'GET', '/zwz/user/info', '管理员', 2, 'USER-02', 'PC端 | Chrome 114.0.0.0 | Windows Windows 10 or Windows Server 2016'),
	('1667351015713804288', NULL, '2023-06-10 10:00:34.738000', 0, NULL, '2023-06-10 10:00:34.738000', 63, '127.0.0.1', '本地测试', '查询菜单', '{}', 'GET', '/zwz/permission/getMenuList', '管理员', 2, 'PERMISSION-02', 'PC端 | Chrome 114.0.0.0 | Windows Windows 10 or Windows Server 2016'),
	('1667351019492872192', NULL, '2023-06-10 10:00:35.633000', 0, NULL, '2023-06-10 10:00:35.633000', 52, '127.0.0.1', '本地测试', '查询菜单', '{}', 'GET', '/zwz/permission/getMenuList', '管理员', 2, 'PERMISSION-02', 'PC端 | Chrome 114.0.0.0 | Windows Windows 10 or Windows Server 2016'),
	('1667351020201709568', NULL, '2023-06-10 10:00:35.804000', 0, NULL, '2023-06-10 10:00:35.804000', 81, '127.0.0.1', '本地测试', '查询个人门户菜单B', '{}', 'POST', '/zwz/myDoor/getMyDoorList6', '管理员', 2, 'MY-DOOR-02', 'PC端 | Chrome 114.0.0.0 | Windows Windows 10 or Windows Server 2016'),
	('1667351029546618880', NULL, '2023-06-10 10:00:38.045000', 0, NULL, '2023-06-10 10:00:38.045000', 61, '127.0.0.1', '本地测试', '查询单个数据字典的值', '{}', 'GET', '/zwz/dictData/getByType/sex', '管理员', 2, 'DICT_DATA-01', 'PC端 | Chrome 114.0.0.0 | Windows Windows 10 or Windows Server 2016'),
	('1667351029575979008', NULL, '2023-06-10 10:00:38.100000', 0, NULL, '2023-06-10 10:00:38.100000', 120, '127.0.0.1', '本地测试', '查询子部门', '{}', 'GET', '/zwz/department/getByParentId', '管理员', 2, 'DEP-01', 'PC端 | Chrome 114.0.0.0 | Windows Windows 10 or Windows Server 2016'),
	('1667351029596950528', NULL, '2023-06-10 10:00:38.089000', 0, NULL, '2023-06-10 10:00:38.089000', 92, '127.0.0.1', '本地测试', '查询全部角色', '{}', 'GET', '/zwz/role/getAllList', '管理员', 2, 'ROLE-01', 'PC端 | Chrome 114.0.0.0 | Windows Windows 10 or Windows Server 2016'),
	('1667351029735362560', NULL, '2023-06-10 10:00:38.134000', 0, NULL, '2023-06-10 10:00:38.134000', 131, '127.0.0.1', '本地测试', '查询用户', '{"nickname":"","departmentId":"","pageNumber":"1","pageSize":"20","sort":"createTime","order":"desc","type":"0"}', 'GET', '/zwz/user/getUserList', '管理员', 2, 'USER-07', 'PC端 | Chrome 114.0.0.0 | Windows Windows 10 or Windows Server 2016'),
	('1667351030167375872', NULL, '2023-06-10 10:00:38.187000', 0, NULL, '2023-06-10 10:00:38.187000', 65, '127.0.0.1', '本地测试', '查询子部门', '{}', 'GET', '/zwz/department/getByParentId', '管理员', 2, 'DEP-01', 'PC端 | Chrome 114.0.0.0 | Windows Windows 10 or Windows Server 2016'),
	('1667351056335638528', NULL, '2023-06-10 10:00:44.464000', 0, NULL, '2023-06-10 10:00:44.464000', 104, '127.0.0.1', '本地测试', '查询子部门', '{}', 'GET', '/zwz/department/getByParentId', '管理员', 2, 'DEP-01', 'PC端 | Chrome 114.0.0.0 | Windows Windows 10 or Windows Server 2016'),
	('1667351056515993600', NULL, '2023-06-10 10:00:44.515000', 0, NULL, '2023-06-10 10:00:44.515000', 110, '127.0.0.1', '本地测试', '查询单个数据字典的值', '{}', 'GET', '/zwz/dictData/getByType/sex', '管理员', 2, 'DICT_DATA-01', 'PC端 | Chrome 114.0.0.0 | Windows Windows 10 or Windows Server 2016'),
	('1667351057606512640', NULL, '2023-06-10 10:00:44.720000', 0, NULL, '2023-06-10 10:00:44.720000', 47, '127.0.0.1', '本地测试', '查询全部角色', '{}', 'GET', '/zwz/role/getAllList', '管理员', 2, 'ROLE-01', 'PC端 | Chrome 114.0.0.0 | Windows Windows 10 or Windows Server 2016'),
	('1667351057631678464', NULL, '2023-06-10 10:00:44.724000', 0, NULL, '2023-06-10 10:00:44.724000', 51, '127.0.0.1', '本地测试', '查询子部门', '{}', 'GET', '/zwz/department/getByParentId', '管理员', 2, 'DEP-01', 'PC端 | Chrome 114.0.0.0 | Windows Windows 10 or Windows Server 2016'),
	('1667351057694593024', NULL, '2023-06-10 10:00:44.774000', 0, NULL, '2023-06-10 10:00:44.774000', 100, '127.0.0.1', '本地测试', '查询用户', '{"nickname":"","departmentId":"","pageNumber":"1","pageSize":"20","sort":"createTime","order":"desc","type":"1"}', 'GET', '/zwz/user/getUserList', '管理员', 2, 'USER-07', 'PC端 | Chrome 114.0.0.0 | Windows Windows 10 or Windows Server 2016'),
	('1667351131195576320', NULL, '2023-06-10 10:01:02.341000', 0, NULL, '2023-06-10 10:01:02.341000', 183, '127.0.0.1', '本地测试', '文件上传', '{}', 'POST', '/zwz/upload/file', '管理员', 2, 'FILE-06', 'PC端 | Chrome 114.0.0.0 | Windows Windows 10 or Windows Server 2016'),
	('1667351371936043008', NULL, '2023-06-10 10:01:59.731000', 0, NULL, '2023-06-10 10:01:59.731000', 124, '127.0.0.1', '本地测试', '查询子部门', '{}', 'GET', '/zwz/department/getByParentId', '管理员', 2, 'DEP-01', 'PC端 | Chrome 114.0.0.0 | Windows Windows 10 or Windows Server 2016'),
	('1667351372141563904', NULL, '2023-06-10 10:01:59.729000', 0, NULL, '2023-06-10 10:01:59.729000', 70, '127.0.0.1', '本地测试', '查询单个数据字典的值', '{}', 'GET', '/zwz/dictData/getByType/sex', '管理员', 2, 'DICT_DATA-01', 'PC端 | Chrome 114.0.0.0 | Windows Windows 10 or Windows Server 2016'),
	('1667351373265637376', NULL, '2023-06-10 10:01:59.970000', 0, NULL, '2023-06-10 10:01:59.970000', 36, '127.0.0.1', '本地测试', '查询全部角色', '{}', 'GET', '/zwz/role/getAllList', '管理员', 2, 'ROLE-01', 'PC端 | Chrome 114.0.0.0 | Windows Windows 10 or Windows Server 2016'),
	('1667351373311774720', NULL, '2023-06-10 10:01:59.987000', 0, NULL, '2023-06-10 10:01:59.987000', 55, '127.0.0.1', '本地测试', '查询子部门', '{}', 'GET', '/zwz/department/getByParentId', '管理员', 2, 'DEP-01', 'PC端 | Chrome 114.0.0.0 | Windows Windows 10 or Windows Server 2016'),
	('1667351373479546880', NULL, '2023-06-10 10:02:00.015000', 0, NULL, '2023-06-10 10:02:00.015000', 79, '127.0.0.1', '本地测试', '查询用户', '{"nickname":"","departmentId":"","pageNumber":"1","pageSize":"20","sort":"createTime","order":"desc"}', 'GET', '/zwz/user/getUserList', '管理员', 2, 'USER-07', 'PC端 | Chrome 114.0.0.0 | Windows Windows 10 or Windows Server 2016'),
	('1667351413648396288', NULL, '2023-06-10 10:02:09.649000', 0, NULL, '2023-06-10 10:02:09.649000', 87, '127.0.0.1', '本地测试', '登录系统', '{"username":"13600000001","password":"","code":"6472","captchaId":"c5063fa4c58b4789b05be25188a4ede0","saveLogin":"true"}', 'POST', '/zwz/login', '学生A', 1, '', 'PC端 | Chrome 114.0.0.0 | Windows Windows 10 or Windows Server 2016'),
	('1667351415036710912', NULL, '2023-06-10 10:02:09.926000', 0, NULL, '2023-06-10 10:02:09.926000', 38, '127.0.0.1', '本地测试', '获取当前登录用户', '{}', 'GET', '/zwz/user/info', '学生A', 2, 'USER-02', 'PC端 | Chrome 114.0.0.0 | Windows Windows 10 or Windows Server 2016'),
	('1667351416223698944', NULL, '2023-06-10 10:02:10.217000', 0, NULL, '2023-06-10 10:02:10.217000', 54, '127.0.0.1', '本地测试', '查询菜单', '{}', 'GET', '/zwz/permission/getMenuList', '学生A', 2, 'PERMISSION-02', 'PC端 | Chrome 114.0.0.0 | Windows Windows 10 or Windows Server 2016'),
	('1667351422469017600', NULL, '2023-06-10 10:02:11.698000', 0, NULL, '2023-06-10 10:02:11.698000', 48, '127.0.0.1', '本地测试', '查询菜单', '{}', 'GET', '/zwz/permission/getMenuList', '学生A', 2, 'PERMISSION-02', 'PC端 | Chrome 114.0.0.0 | Windows Windows 10 or Windows Server 2016'),
	('1667351423706337280', NULL, '2023-06-10 10:02:12.005000', 0, NULL, '2023-06-10 10:02:12.005000', 61, '127.0.0.1', '本地测试', '查询个人门户菜单B', '{}', 'POST', '/zwz/myDoor/getMyDoorList6', '学生A', 2, 'MY-DOOR-02', 'PC端 | Chrome 114.0.0.0 | Windows Windows 10 or Windows Server 2016'),
	('1667351567705182208', NULL, '2023-06-10 10:02:46.384000', 0, NULL, '2023-06-10 10:02:46.384000', 96, '127.0.0.1', '本地测试', '查询单个数据字典的值', '{}', 'GET', '/zwz/dictData/getByType/sex', '学生A', 2, 'DICT_DATA-01', 'PC端 | Chrome 114.0.0.0 | Windows Windows 10 or Windows Server 2016'),
	('1667351602220109824', NULL, '2023-06-10 10:02:54.597000', 0, NULL, '2023-06-10 10:02:54.597000', 76, '127.0.0.1', '本地测试', '登录系统', '{"username":"13600000010","password":"","code":"6167","captchaId":"1f738d79451345409cb7465b27e32067","saveLogin":"true"}', 'POST', '/zwz/login', '教师', 1, '', 'PC端 | Chrome 114.0.0.0 | Windows Windows 10 or Windows Server 2016'),
	('1667351603641978880', NULL, '2023-06-10 10:02:54.891000', 0, NULL, '2023-06-10 10:02:54.891000', 35, '127.0.0.1', '本地测试', '获取当前登录用户', '{}', 'GET', '/zwz/user/info', '教师', 2, 'USER-02', 'PC端 | Chrome 114.0.0.0 | Windows Windows 10 or Windows Server 2016'),
	('1667351604795412480', NULL, '2023-06-10 10:02:55.168000', 0, NULL, '2023-06-10 10:02:55.168000', 37, '127.0.0.1', '本地测试', '查询菜单', '{}', 'GET', '/zwz/permission/getMenuList', '教师', 2, 'PERMISSION-02', 'PC端 | Chrome 114.0.0.0 | Windows Windows 10 or Windows Server 2016'),
	('1667351609908269056', NULL, '2023-06-10 10:02:56.386000', 0, NULL, '2023-06-10 10:02:56.386000', 43, '127.0.0.1', '本地测试', '查询菜单', '{}', 'GET', '/zwz/permission/getMenuList', '教师', 2, 'PERMISSION-02', 'PC端 | Chrome 114.0.0.0 | Windows Windows 10 or Windows Server 2016'),
	('1667351611153977344', NULL, '2023-06-10 10:02:56.687000', 0, NULL, '2023-06-10 10:02:56.687000', 50, '127.0.0.1', '本地测试', '查询个人门户菜单B', '{}', 'POST', '/zwz/myDoor/getMyDoorList6', '教师', 2, 'MY-DOOR-02', 'PC端 | Chrome 114.0.0.0 | Windows Windows 10 or Windows Server 2016'),
	('1667351623560728576', NULL, '2023-06-10 10:02:59.648000', 0, NULL, '2023-06-10 10:02:59.648000', 37, '127.0.0.1', '本地测试', '查询全部角色', '{}', 'GET', '/zwz/role/getAllList', '教师', 2, 'ROLE-01', 'PC端 | Chrome 114.0.0.0 | Windows Windows 10 or Windows Server 2016'),
	('1667351623573311488', NULL, '2023-06-10 10:02:59.694000', 0, NULL, '2023-06-10 10:02:59.694000', 83, '127.0.0.1', '本地测试', '查询单个数据字典的值', '{}', 'GET', '/zwz/dictData/getByType/sex', '教师', 2, 'DICT_DATA-01', 'PC端 | Chrome 114.0.0.0 | Windows Windows 10 or Windows Server 2016'),
	('1667351623598477312', NULL, '2023-06-10 10:02:59.704000', 0, NULL, '2023-06-10 10:02:59.704000', 95, '127.0.0.1', '本地测试', '查询子部门', '{}', 'GET', '/zwz/department/getByParentId', '教师', 2, 'DEP-01', 'PC端 | Chrome 114.0.0.0 | Windows Windows 10 or Windows Server 2016'),
	('1667351623657197568', NULL, '2023-06-10 10:02:59.708000', 0, NULL, '2023-06-10 10:02:59.708000', 97, '127.0.0.1', '本地测试', '查询用户', '{"nickname":"","departmentId":"","pageNumber":"1","pageSize":"20","sort":"createTime","order":"desc","type":"0"}', 'GET', '/zwz/user/getUserList', '教师', 2, 'USER-07', 'PC端 | Chrome 114.0.0.0 | Windows Windows 10 or Windows Server 2016'),
	('1667351624105988096', NULL, '2023-06-10 10:02:59.771000', 0, NULL, '2023-06-10 10:02:59.771000', 41, '127.0.0.1', '本地测试', '查询子部门', '{}', 'GET', '/zwz/department/getByParentId', '教师', 2, 'DEP-01', 'PC端 | Chrome 114.0.0.0 | Windows Windows 10 or Windows Server 2016'),
	('1667351773762949120', NULL, '2023-06-10 10:03:35.515000', 0, NULL, '2023-06-10 10:03:35.515000', 95, '127.0.0.1', '本地测试', '登录系统', '{"username":"admin","password":"","code":"4570","captchaId":"d1738c84da6b49b6b8131f252c8f2d6e","saveLogin":"true"}', 'POST', '/zwz/login', '管理员', 1, '', 'PC端 | Chrome 114.0.0.0 | Windows Windows 10 or Windows Server 2016'),
	('1667351775235149824', NULL, '2023-06-10 10:03:35.810000', 0, NULL, '2023-06-10 10:03:35.810000', 49, '127.0.0.1', '本地测试', '获取当前登录用户', '{}', 'GET', '/zwz/user/info', '管理员', 2, 'USER-02', 'PC端 | Chrome 114.0.0.0 | Windows Windows 10 or Windows Server 2016'),
	('1667351776245977088', NULL, '2023-06-10 10:03:36.055000', 0, NULL, '2023-06-10 10:03:36.055000', 47, '127.0.0.1', '本地测试', '查询菜单', '{}', 'GET', '/zwz/permission/getMenuList', '管理员', 2, 'PERMISSION-02', 'PC端 | Chrome 114.0.0.0 | Windows Windows 10 or Windows Server 2016'),
	('1667351780998123520', NULL, '2023-06-10 10:03:37.189000', 0, NULL, '2023-06-10 10:03:37.189000', 60, '127.0.0.1', '本地测试', '查询菜单', '{}', 'GET', '/zwz/permission/getMenuList', '管理员', 2, 'PERMISSION-02', 'PC端 | Chrome 114.0.0.0 | Windows Windows 10 or Windows Server 2016'),
	('1667351782382243840', NULL, '2023-06-10 10:03:37.521000', 0, NULL, '2023-06-10 10:03:37.521000', 62, '127.0.0.1', '本地测试', '查询个人门户菜单B', '{}', 'POST', '/zwz/myDoor/getMyDoorList6', '管理员', 2, 'MY-DOOR-02', 'PC端 | Chrome 114.0.0.0 | Windows Windows 10 or Windows Server 2016'),
	('1667351790208815104', NULL, '2023-06-10 10:03:39.435000', 0, NULL, '2023-06-10 10:03:39.435000', 104, '127.0.0.1', '本地测试', '查询子部门', '{}', 'GET', '/zwz/department/getByParentId', '管理员', 2, 'DEP-01', 'PC端 | Chrome 114.0.0.0 | Windows Windows 10 or Windows Server 2016'),
	('1667351790208815105', NULL, '2023-06-10 10:03:39.384000', 0, NULL, '2023-06-10 10:03:39.384000', 52, '127.0.0.1', '本地测试', '查询用户', '{"pageNumber":"1","pageSize":"10","sort":"createTime","order":"desc","departmentId":""}', 'GET', '/zwz/myUser/getByPage', '管理员', 2, 'USER-01', 'PC端 | Chrome 114.0.0.0 | Windows Windows 10 or Windows Server 2016'),
	('1667351792066891776', NULL, '2023-06-10 10:03:39.830000', 0, NULL, '2023-06-10 10:03:39.830000', 57, '127.0.0.1', '本地测试', '查询子部门', '{}', 'GET', '/zwz/department/getByParentId', '管理员', 2, 'DEP-01', 'PC端 | Chrome 114.0.0.0 | Windows Windows 10 or Windows Server 2016'),
	('1667351800791044096', NULL, '2023-06-10 10:03:41.919000', 0, NULL, '2023-06-10 10:03:41.919000', 87, '127.0.0.1', '本地测试', '查询系统文件', '{"name":"","fkey":"","type":"","pageNumber":"1","pageSize":"15","sort":"createTime","order":"desc","startDate":"","endDate":""}', 'GET', '/zwz/file/getByCondition', '管理员', 2, 'FILE-01', 'PC端 | Chrome 114.0.0.0 | Windows Windows 10 or Windows Server 2016'),
	('1667351800963010560', NULL, '2023-06-10 10:03:41.949000', 0, NULL, '2023-06-10 10:03:41.949000', 43, '127.0.0.1', '本地测试', '查看单个配置', '{"id":"FILE_PATH"}', 'GET', '/zwz/setting/getOne', '管理员', 2, 'SETTING-01', 'PC端 | Chrome 114.0.0.0 | Windows Windows 10 or Windows Server 2016'),
	('1667351801940283392', NULL, '2023-06-10 10:03:42.178000', 0, NULL, '2023-06-10 10:03:42.178000', 39, '127.0.0.1', '本地测试', '查看单个配置', '{"id":"FILE_HTTP"}', 'GET', '/zwz/setting/getOne', '管理员', 2, 'SETTING-01', 'PC端 | Chrome 114.0.0.0 | Windows Windows 10 or Windows Server 2016'),
	('1667351801999003648', NULL, '2023-06-10 10:03:42.209000', 0, NULL, '2023-06-10 10:03:42.209000', 59, '127.0.0.1', '本地测试', '查看单个配置', '{"id":"FILE_VIEW"}', 'GET', '/zwz/setting/getOne', '管理员', 2, 'SETTING-01', 'PC端 | Chrome 114.0.0.0 | Windows Windows 10 or Windows Server 2016'),
	('1667351811696234496', NULL, '2023-06-10 10:03:44.510000', 0, NULL, '2023-06-10 10:03:44.510000', 85, '127.0.0.1', '本地测试', '查询角色', '{"pageNumber":"1","pageSize":"15","sort":"createTime","order":"desc"}', 'GET', '/zwz/role/getAllByPage', '管理员', 2, 'ROLE-02', 'PC端 | Chrome 114.0.0.0 | Windows Windows 10 or Windows Server 2016'),
	('1667351842474037248', NULL, '2023-06-10 10:03:51.920000', 0, NULL, '2023-06-10 10:03:51.920000', 122, '127.0.0.1', '本地测试', '查询单个数据字典的值', '{}', 'GET', '/zwz/dictData/getByType/permission_type', '管理员', 2, 'DICT_DATA-01', 'PC端 | Chrome 114.0.0.0 | Windows Windows 10 or Windows Server 2016'),
	('1667351855061143552', NULL, '2023-06-10 10:03:54.852000', 0, NULL, '2023-06-10 10:03:54.852000', 86, '127.0.0.1', '本地测试', '查询菜单权限拥有者', '{"permissionId":"1636971806336356352"}', 'GET', '/zwz/permission/getUserByPermission', '管理员', 2, 'PERMISSION-01', 'PC端 | Chrome 114.0.0.0 | Windows Windows 10 or Windows Server 2016'),
	('1667351864586407936', NULL, '2023-06-10 10:03:57.171000', 0, NULL, '2023-06-10 10:03:57.171000', 114, '127.0.0.1', '本地测试', '查询日志', '{"logType":"1","pageNumber":"1","pageSize":"15","startDate":"","endDate":"","sort":"createTime","order":"desc","ipInfo":"","key":""}', 'GET', '/zwz/log/getAllByPage', '管理员', 2, 'LOG-01', 'PC端 | Chrome 114.0.0.0 | Windows Windows 10 or Windows Server 2016'),
	('1667351876233990144', NULL, '2023-06-10 10:03:59.897000', 0, NULL, '2023-06-10 10:03:59.897000', 49, '127.0.0.1', '本地测试', '查询所有数据字典', '{}', 'GET', '/zwz/dict/getAll', '管理员', 2, 'DICT-01', 'PC端 | Chrome 114.0.0.0 | Windows Windows 10 or Windows Server 2016'),
	('1667351877609721856', NULL, '2023-06-10 10:04:00.226000', 0, NULL, '2023-06-10 10:04:00.226000', 75, '127.0.0.1', '本地测试', '查询数据字典值', '{"name":"","status":"","pageNumber":"1","pageSize":"10","sort":"sortOrder","order":"asc"}', 'GET', '/zwz/dictData/getByCondition', '管理员', 2, 'DICT_DATA-02', 'PC端 | Chrome 114.0.0.0 | Windows Windows 10 or Windows Server 2016'),
	('1667351894831534080', NULL, '2023-06-10 10:04:04.343000', 0, NULL, '2023-06-10 10:04:04.343000', 69, '127.0.0.1', '本地测试', '查询单个数据字典的值', '{}', 'GET', '/zwz/dictData/getByType/sex', '管理员', 2, 'DICT_DATA-01', 'PC端 | Chrome 114.0.0.0 | Windows Windows 10 or Windows Server 2016');

DROP TABLE IF EXISTS `a_permission`;
CREATE TABLE IF NOT EXISTS `a_permission` (
  `id` varchar(255) NOT NULL,
  `create_by` varchar(255) DEFAULT NULL,
  `create_time` datetime(6) DEFAULT NULL,
  `del_flag` int NOT NULL,
  `update_by` varchar(255) DEFAULT NULL,
  `update_time` datetime(6) DEFAULT NULL,
  `description` varchar(255) DEFAULT NULL,
  `name` varchar(255) DEFAULT NULL,
  `parent_id` varchar(255) DEFAULT NULL,
  `type` int DEFAULT NULL,
  `sort_order` decimal(10,2) DEFAULT NULL,
  `component` varchar(255) DEFAULT NULL,
  `path` varchar(255) DEFAULT NULL,
  `title` varchar(255) DEFAULT NULL,
  `icon` varchar(255) DEFAULT NULL,
  `level` int unsigned DEFAULT NULL,
  `button_type` varchar(255) DEFAULT NULL,
  `status` int DEFAULT NULL,
  `show_always` bit(1) DEFAULT NULL,
  PRIMARY KEY (`id`)
) ENGINE=InnoDB DEFAULT CHARSET=utf8mb3;

DELETE FROM `a_permission`;
INSERT INTO `a_permission` (`id`, `create_by`, `create_time`, `del_flag`, `update_by`, `update_time`, `description`, `name`, `parent_id`, `type`, `sort_order`, `component`, `path`, `title`, `icon`, `level`, `button_type`, `status`, `show_always`) VALUES
	('125909152017944576', 'admin', '2022-03-20 09:46:20.000000', 0, 'admin', '2023-06-10 09:53:00.310000', '', 'zwz', '0', -1, 1.00, '', '', '大学兼职教师管理系统', 'md-home', 0, '', 0, b'1'),
	('1464484663442673664', 'admin', '2022-03-20 09:46:20.000000', 0, 'admin', '2022-03-20 09:46:20.000000', '', 'userTwoMenu', '125909152017944576', 0, 1.00, 'Main', '/baseMenu', '系统基础模块', 'md-analytics', 1, '', 0, b'1'),
	('1530689602321518592', 'admin', '2022-05-29 07:16:55.000000', 0, NULL, NULL, '', 'dict', '1464484663442673664', 0, 7.00, 'dict/dict/index', 'dict', '数据字典', 'ios-apps', 2, '', 0, b'1'),
	('1535166438371889152', 'admin', '2022-06-10 15:46:16.000000', 0, NULL, NULL, '', 'vue', '1464484663442673664', 0, 8.00, 'code/vue/index', 'vue', '测试菜单', 'md-bug', 2, '', 0, b'1'),
	('1536599942410407936', 'admin', '2022-06-14 14:42:30.000000', 0, NULL, NULL, '', 'demo', '0', -1, 2.00, '', '', '样例演示', 'md-bulb', 0, NULL, 0, NULL),
	('1536600125332393984', 'admin', '2022-06-14 14:43:13.000000', 0, 'admin', '2022-06-14 15:10:31.000000', '', 'tableDemo', '1536599942410407936', 0, 1.00, 'Main', '/tableDemo', '二次开发样例', 'ios-apps', 1, '', 0, NULL),
	('1536600268379131904', 'admin', '2022-06-14 14:43:47.000000', 0, NULL, NULL, '', 'demo1', '1536600125332393984', 0, 1.00, 'demo/demo1/index', 'demo1', '代码生成样例', 'md-finger-print', 2, '', 0, NULL),
	('1536604417711804416', 'admin', '2022-06-14 15:00:17.000000', 0, 'admin', '2022-06-14 15:31:57.000000', '', 'demo2', '1536600125332393984', 0, 2.00, 'demo/demo2/index', 'demo2', '复杂表格样例', 'md-archive', 2, '', 0, NULL),
	('1536606273959759872', 'admin', '2022-06-14 15:07:39.000000', 0, 'admin', '2022-06-14 15:10:23.000000', '', 'antv', '1536599942410407936', 0, 2.00, 'Main', '/antv', '图表展示', 'ios-pulse', 1, '', 0, NULL),
	('1536606372668510208', 'admin', '2022-06-14 15:08:03.000000', 0, NULL, NULL, '', 'antv1', '1536606273959759872', 0, 1.00, 'demo/antv1/index', 'antv1', '条形图', 'md-pricetags', 2, '', 0, NULL),
	('1536606464712511488', 'admin', '2022-06-14 15:08:25.000000', 0, NULL, NULL, '', 'antv2', '1536606273959759872', 0, 2.00, 'demo/antv2/index', 'antv2', '饼图', 'md-radio-button-off', 2, '', 0, NULL),
	('1536606550951596032', 'admin', '2022-06-14 15:08:45.000000', 0, NULL, NULL, '', 'antv3', '1536606273959759872', 0, 3.00, 'demo/antv3/index', 'antv3', '折线图', 'ios-nutrition', 2, '', 0, NULL),
	('1536606637815631872', 'admin', '2022-06-14 15:09:06.000000', 0, NULL, NULL, '', 'antv4', '1536606273959759872', 0, 4.00, 'demo/antv4/index', 'antv4', '柱状图', 'ios-phone-portrait', 2, '', 0, NULL),
	('1536875505901506560', 'admin', '2022-06-15 08:57:29.000000', 0, 'admin', '2022-06-15 09:01:01.000000', '', 'antvActive', '1536606273959759872', 0, 5.00, 'demo/antvActive/index', 'antvActive', '动态图表样例', 'ios-apps', 2, '', 0, NULL),
	('1636971653256843264', 'admin', '2023-03-18 14:03:50.000000', 0, NULL, NULL, NULL, 'userMenu', '125909152017944576', 0, 2.00, 'Main', '/userMenu', '用户管理模块', 'ios-apps', 1, '', 0, NULL),
	('1636971725705056256', 'admin', '2023-03-18 14:04:08.000000', 0, NULL, NULL, NULL, 'cuMenu', '125909152017944576', 0, 3.00, 'Main', '/cuMenu', '课程管理模块', 'ios-apps', 1, '', 0, NULL),
	('1636971806336356352', 'admin', '2023-03-18 14:04:27.000000', 0, NULL, NULL, NULL, 'curriculum', '1636971725705056256', 0, 1.00, 'tea/curriculum/index', 'curriculum', '课程管理', 'md-aperture', 2, '', 0, NULL),
	('1636971962439962624', 'admin', '2023-03-18 14:05:04.000000', 0, NULL, NULL, NULL, 'giveMenu', '125909152017944576', 0, 4.00, 'Main', '/giveMenu', '授课管理模块', 'ios-apps', 1, '', 0, NULL),
	('1636972031469817856', 'admin', '2023-03-18 14:05:20.000000', 0, 'admin', '2023-03-18 14:14:15.000000', '', 'giveLessons', '1636971962439962624', 0, 1.00, 'tea/giveLessons/index', 'giveLessons', '授课管理', 'md-aperture', 2, '', 0, NULL),
	('1636972155004653568', 'admin', '2023-03-18 14:05:50.000000', 0, 'admin', '2023-03-18 14:14:21.000000', '', 'attMenu', '125909152017944576', 0, 5.00, 'Main', '/attMenu', '课程考勤模块', 'ios-apps', 1, '', 0, NULL),
	('1636972258851426304', 'admin', '2023-03-18 14:06:15.000000', 0, 'admin', '2023-03-18 14:14:25.000000', '', 'attendance', '1636972155004653568', 0, 1.00, 'tea/attendance/index', 'attendance', '课程考勤', 'md-aperture', 2, '', 0, NULL),
	('1636974216572178432', 'admin', '2023-03-18 14:14:01.000000', 0, NULL, NULL, NULL, 'appMenu', '125909152017944576', 0, 6.00, 'Main', '/appMenu', '课程评价模块', 'ios-apps', 1, '', 0, NULL),
	('1636974381538349056', 'admin', '2023-03-18 14:14:41.000000', 0, NULL, NULL, NULL, 'appraise', '1636974216572178432', 0, 1.00, 'tea/appraise/index', 'appraise', '课程评价', 'md-aperture', 2, '', 0, NULL),
	('1636974468972810240', 'admin', '2023-03-18 14:15:02.000000', 0, NULL, NULL, NULL, 'achMenu', '125909152017944576', 0, 7.00, 'Main', '/achMenu', '课程成绩模块', 'ios-apps', 1, '', 0, NULL),
	('1636974537574846464', 'admin', '2023-03-18 14:15:18.000000', 0, NULL, NULL, NULL, 'achievement', '1636974468972810240', 0, 1.00, 'tea/achievement/index', 'achievement', '课程成绩', 'md-aperture', 2, '', 0, NULL),
	('1636986266572689408', 'admin', '2023-03-18 15:01:54.000000', 0, NULL, NULL, NULL, 'stu', '1636971653256843264', 0, 1.00, 'roster/user/stu', 'stu', '学生管理', 'md-aperture', 2, '', 0, NULL),
	('1636986308624781312', 'admin', '2023-03-18 15:02:04.000000', 0, NULL, NULL, NULL, 'tea', '1636971653256843264', 0, 2.00, 'roster/user/tea', 'tea', '教师管理', 'md-aperture', 2, '', 0, NULL),
	('1637003227910246400', 'admin', '2023-03-18 16:09:18.000000', 0, NULL, NULL, NULL, 'tuMenu', '125909152017944576', 0, 8.00, 'Main', '/tuMenu', '数据分析模块', 'ios-apps', 1, '', 0, NULL),
	('1637003434798485504', 'admin', '2023-03-18 16:10:08.000000', 0, NULL, NULL, NULL, 'antv1', '1637003227910246400', 0, 1.00, 'tea/antv1/index', 'antv1', '教龄分析', 'md-aperture', 2, '', 0, NULL),
	('1637003507452219392', 'admin', '2023-03-18 16:10:25.000000', 0, NULL, NULL, NULL, 'antv2', '1637003227910246400', 0, 2.00, 'tea/antv2/index', 'antv2', '教师薪资分析', 'md-aperture', 2, '', 0, NULL),
	('1637004715210444800', 'admin', '2023-03-18 16:15:13.000000', 0, NULL, NULL, NULL, '', '1636971806336356352', 1, 1.00, '', '无', '添加课程', '', 3, 'add', 0, NULL),
	('1637004751449231360', 'admin', '2023-03-18 16:15:22.000000', 0, NULL, NULL, NULL, '', '1636971806336356352', 1, 2.00, '', '无', '编辑课程', '', 3, 'edit', 0, NULL),
	('1637004778129199104', 'admin', '2023-03-18 16:15:28.000000', 0, NULL, NULL, NULL, '', '1636971806336356352', 1, 3.00, '', '无', '删除课程', '', 3, 'delete', 0, NULL),
	('1637004825134764032', 'admin', '2023-03-18 16:15:39.000000', 0, NULL, NULL, NULL, '', '1636971806336356352', 1, 4.00, '', '无', '评价课程', '', 3, 'enable', 0, NULL),
	('1637004922262261760', 'admin', '2023-03-18 16:16:02.000000', 0, NULL, NULL, NULL, '', '1636972031469817856', 1, 1.00, '', '无', '添加授课', '', 3, 'add', 0, NULL),
	('1637004957293088768', 'admin', '2023-03-18 16:16:11.000000', 0, NULL, NULL, NULL, '', '1636972031469817856', 1, 2.00, '', '无', '编辑授课', '', 3, 'edit', 0, NULL),
	('1637004989018804224', 'admin', '2023-03-18 16:16:18.000000', 0, NULL, NULL, NULL, '', '1636972031469817856', 1, 3.00, '', '无', '删除授课', '', 3, 'delete', 0, NULL),
	('1637005040529051648', 'admin', '2023-03-18 16:16:30.000000', 0, NULL, NULL, NULL, '', '1636972031469817856', 1, 1.00, '', '无', '生成成绩', '', 3, 'enable', 0, NULL),
	('1637005082912493568', 'admin', '2023-03-18 16:16:41.000000', 0, NULL, NULL, NULL, '', '1636972258851426304', 1, 1.00, '', '无', '添加课程考勤', '', 3, 'add', 0, NULL),
	('1637005110745894912', 'admin', '2023-03-18 16:16:47.000000', 0, NULL, NULL, NULL, '', '1636972258851426304', 1, 2.00, '', '无', '编辑课程考勤', '', 3, 'edit', 0, NULL),
	('1637005138717708288', 'admin', '2023-03-18 16:16:54.000000', 0, NULL, NULL, NULL, '', '1636972258851426304', 1, 3.00, '', '无', '删除课程考勤', '', 3, 'delete', 0, NULL),
	('1637005208733224960', 'admin', '2023-03-18 16:17:11.000000', 0, NULL, NULL, NULL, '', '1636974381538349056', 1, 1.00, '', '无', '删除课程评价', '', 3, 'delete', 0, NULL),
	('1637005297572777984', 'admin', '2023-03-18 16:17:32.000000', 0, NULL, NULL, NULL, '', '1636974537574846464', 1, 1.00, '', '无', '删除课程成绩', '', 3, 'delete', 0, NULL),
	('1637005333157253120', 'admin', '2023-03-18 16:17:40.000000', 0, NULL, NULL, NULL, '', '1636974537574846464', 1, 2.00, '', '无', '课程成绩打分', '', 3, 'enable', 0, NULL),
	('1663723467998105600', 'admin', '2023-05-31 09:45:59.918000', 0, NULL, NULL, NULL, '', '5129710648430593', 1, 1.00, '', '无', '添加用户', '', 3, 'add', 0, NULL),
	('1663723511849553920', 'admin', '2023-05-31 09:46:10.372000', 0, NULL, NULL, NULL, '', '5129710648430593', 1, 2.00, '', '无', '编辑用户', '', 3, 'edit', 0, NULL),
	('1663723538621796352', 'admin', '2023-05-31 09:46:16.757000', 0, NULL, NULL, NULL, '', '5129710648430593', 1, 3.00, '', '无', '删除用户', '', 3, 'delete', 0, NULL),
	('1663724125664972800', 'admin', '2023-05-31 09:48:36.719000', 0, NULL, NULL, NULL, '', '40238597734928384', 1, 1.00, '', '无', '添加部门', '', 3, 'add', 0, NULL),
	('1663724149731889152', 'admin', '2023-05-31 09:48:42.455000', 0, NULL, NULL, NULL, '', '40238597734928384', 1, 2.00, '', '无', '编辑部门', '', 3, 'edit', 0, NULL),
	('1663724174398590976', 'admin', '2023-05-31 09:48:48.335000', 0, NULL, NULL, NULL, '', '40238597734928384', 1, 3.00, '', '无', '删除部门', '', 3, 'delete', 0, NULL),
	('1663724230593875968', 'admin', '2023-05-31 09:49:01.733000', 0, NULL, NULL, NULL, '', '5129710648430594', 1, 1.00, '', '无', '添加角色', '', 3, 'add', 0, NULL),
	('1663724255319298048', 'admin', '2023-05-31 09:49:07.632000', 0, NULL, NULL, NULL, '', '5129710648430594', 1, 2.00, '', '无', '编辑角色', '', 3, 'edit', 0, NULL),
	('1663724279579152384', 'admin', '2023-05-31 09:49:13.414000', 0, NULL, NULL, NULL, '', '5129710648430594', 1, 3.00, '', '无', '删除角色', '', 3, 'delete', 0, NULL),
	('1663724334755221504', 'admin', '2023-05-31 09:49:26.569000', 0, NULL, NULL, NULL, '', '5129710648430594', 1, 4.00, '', '无', '分配角色权限', '', 3, 'enable', 0, NULL),
	('1663724386382909440', 'admin', '2023-05-31 09:49:38.875000', 0, NULL, NULL, NULL, '', '5129710648430595', 1, 1.00, '', '无', '添加菜单', '', 3, 'add', 0, NULL),
	('1663724413914320896', 'admin', '2023-05-31 09:49:45.442000', 0, NULL, NULL, NULL, '', '5129710648430595', 1, 2.00, '', '无', '编辑菜单', '', 3, 'edit', 0, NULL),
	('1663724441433149440', 'admin', '2023-05-31 09:49:52.003000', 0, NULL, NULL, NULL, '', '5129710648430595', 1, 3.00, '', '无', '删除菜单', '', 3, 'delete', 0, NULL),
	('1663724628767543296', 'admin', '2023-05-31 09:50:36.667000', 0, NULL, NULL, NULL, '', '56309618086776832', 1, 1.00, '', '无', '上传文件', '', 3, 'add', 0, NULL),
	('1663724665174102016', 'admin', '2023-05-31 09:50:45.348000', 0, NULL, NULL, NULL, '', '56309618086776832', 1, 2.00, '', '无', '删除文件', '', 3, 'delete', 0, NULL),
	('1663724779984785408', 'admin', '2023-05-31 09:51:12.719000', 0, NULL, NULL, NULL, '', '1530689602321518592', 1, 1.00, '', '无', '添加数据字典', '', 3, 'add', 0, NULL),
	('1663724805096083456', 'admin', '2023-05-31 09:51:18.707000', 0, NULL, NULL, NULL, '', '1530689602321518592', 1, 2.00, '', '无', '编辑数据字典', '', 3, 'edit', 0, NULL),
	('1663724828114423808', 'admin', '2023-05-31 09:51:24.196000', 0, NULL, NULL, NULL, '', '1530689602321518592', 1, 3.00, '', '无', '删除数据字典', '', 3, 'delete', 0, NULL),
	('1663726175089987584', 'admin', '2023-05-31 09:56:45.338000', 0, NULL, NULL, NULL, '', '56309618086776832', 1, 3.00, '', '无', '文件存储配置', '', 3, 'enable', 0, NULL),
	('40238597734928384', '', '2022-03-20 09:46:20.000000', 0, 'admin', '2022-03-20 09:46:20.000000', '', 'department-admin', '1464484663442673664', 0, 2.00, 'roster/department/department', 'dep', '部门管理', 'md-git-branch', 2, '', 0, b'1'),
	('41363147411427328', '', '2022-03-20 09:46:20.000000', 0, 'admin', '2022-05-21 14:15:44.000000', '', 'log-manage', '1464484663442673664', 0, 6.00, 'log/log/index', 'log', '日志管理', 'md-list-box', 2, '', 0, b'1'),
	('5129710648430593', '', '2022-03-20 09:46:20.000000', 0, 'admin', '2022-03-20 09:46:20.000000', '', 'user-admin', '1464484663442673664', 0, 1.00, 'roster/user/user', 'user', '用户管理', 'md-person', 2, '', 0, b'1'),
	('5129710648430594', '', '2022-03-20 09:46:20.000000', 0, 'admin', '2022-06-14 11:23:18.000000', '', 'role-manage', '1464484663442673664', 0, 3.00, 'role/role/index', 'role', '角色管理', 'md-contacts', 2, '', 0, b'1'),
	('5129710648430595', '', '2022-03-20 09:46:20.000000', 0, 'admin', '2022-06-14 11:23:13.000000', '', 'menu-manage', '1464484663442673664', 0, 4.00, 'menu/menu/index', 'menu', '菜单管理', 'md-menu', 2, '', 0, b'1'),
	('56309618086776832', '', '2022-03-20 09:46:20.000000', 0, 'admin', '2022-05-29 07:18:02.000000', '', 'file-admin', '1464484663442673664', 0, 5.00, 'file/file/index', 'file', '文件管理', 'ios-folder', 2, '', 0, b'1');

DROP TABLE IF EXISTS `a_role`;
CREATE TABLE IF NOT EXISTS `a_role` (
  `id` varchar(255) NOT NULL,
  `create_by` varchar(255) DEFAULT NULL,
  `create_time` datetime(6) DEFAULT NULL,
  `update_by` varchar(255) DEFAULT NULL,
  `update_time` datetime(6) DEFAULT NULL,
  `name` varchar(255) DEFAULT NULL,
  `del_flag` int NOT NULL,
  `default_role` bit(1) DEFAULT NULL,
  `description` varchar(255) DEFAULT NULL,
  `data_type` int NOT NULL,
  PRIMARY KEY (`id`)
) ENGINE=InnoDB DEFAULT CHARSET=utf8mb3;

DELETE FROM `a_role`;
INSERT INTO `a_role` (`id`, `create_by`, `create_time`, `update_by`, `update_time`, `name`, `del_flag`, `default_role`, `description`, `data_type`) VALUES
	('1536606659751841795', '', '2022-03-20 09:46:20.000000', 'admin', '2023-06-10 09:34:37.495000', 'ROLE_USER', 0, b'1', '学生', 0),
	('1536606659751841799', '', '2022-03-20 09:46:20.000000', 'admin', '2022-03-20 09:46:20.000000', 'ROLE_ADMIN', 0, b'0', '超级管理员', 0),
	('1667344323877933056', 'admin', '2023-06-10 09:33:59.232000', NULL, NULL, 'ROLE_TEACHER', 0, b'0', '教师', 0);

DROP TABLE IF EXISTS `a_role_permission`;
CREATE TABLE IF NOT EXISTS `a_role_permission` (
  `id` varchar(255) NOT NULL,
  `create_by` varchar(255) DEFAULT NULL,
  `create_time` datetime(6) DEFAULT NULL,
  `del_flag` int NOT NULL,
  `update_by` varchar(255) DEFAULT NULL,
  `update_time` datetime(6) DEFAULT NULL,
  `permission_id` varchar(255) DEFAULT NULL,
  `role_id` varchar(255) DEFAULT NULL,
  PRIMARY KEY (`id`)
) ENGINE=InnoDB DEFAULT CHARSET=utf8mb3;

DELETE FROM `a_role_permission`;
INSERT INTO `a_role_permission` (`id`, `create_by`, `create_time`, `del_flag`, `update_by`, `update_time`, `permission_id`, `role_id`) VALUES
	('1464514325862551552', 'admin', '2022-03-20 09:46:20.000000', 0, 'admin', '2022-03-20 09:46:20.000000', '125909152017944576', '1536606659751841799'),
	('1464514325862551553', 'admin', '2022-03-20 09:46:20.000000', 0, 'admin', '2022-03-20 09:46:20.000000', '1464484663442673664', '1536606659751841799'),
	('1464514325862551554', 'admin', '2022-03-20 09:46:20.000000', 0, 'admin', '2022-03-20 09:46:20.000000', '5129710648430593', '1536606659751841799'),
	('1464514325862551564', 'admin', '2022-03-20 09:46:20.000000', 0, 'admin', '2022-03-20 09:46:20.000000', '40238597734928384', '1536606659751841799'),
	('1464514325862551569', 'admin', '2022-03-20 09:46:20.000000', 0, 'admin', '2022-03-20 09:46:20.000000', '56309618086776832', '1536606659751841799'),
	('1464514325862551584', 'admin', '2022-03-20 09:46:20.000000', 0, 'admin', '2022-03-20 09:46:20.000000', '5129710648430594', '1536606659751841799'),
	('1464514325862551590', 'admin', '2022-03-20 09:46:20.000000', 0, 'admin', '2022-03-20 09:46:20.000000', '5129710648430595', '1536606659751841799'),
	('1464514325862551595', 'admin', '2022-03-20 09:46:20.000000', 0, 'admin', '2022-03-20 09:46:20.000000', '41363147411427328', '1536606659751841799'),
	('1530689747004035072', 'admin', '2022-05-29 07:17:29.000000', 0, NULL, NULL, '1530689602321518592', '1536606659751841799'),
	('1535166468684124160', 'admin', '2022-06-10 15:46:23.000000', 0, NULL, NULL, '1535166438371889152', '1536606659751841799'),
	('1536600292156641281', 'admin', '2022-06-14 14:43:53.000000', 0, NULL, NULL, '1536599942410407936', '1536606659751841799'),
	('1536600292173418496', 'admin', '2022-06-14 14:43:53.000000', 0, NULL, NULL, '1536600125332393984', '1536606659751841799'),
	('1536600292186001408', 'admin', '2022-06-14 14:43:53.000000', 0, NULL, NULL, '1536600268379131904', '1536606659751841799'),
	('1536604439178252292', 'admin', '2022-06-14 15:00:22.000000', 0, NULL, NULL, '1536604417711804416', '1536606659751841799'),
	('1536606659718287364', 'admin', '2022-06-14 15:09:11.000000', 0, NULL, NULL, '1536606273959759872', '1536606659751841799'),
	('1536606659730870272', 'admin', '2022-06-14 15:09:11.000000', 0, NULL, NULL, '1536606372668510208', '1536606659751841799'),
	('1536606659735064576', 'admin', '2022-06-14 15:09:11.000000', 0, NULL, NULL, '1536606464712511488', '1536606659751841799'),
	('1536606659743453184', 'admin', '2022-06-14 15:09:11.000000', 0, NULL, NULL, '1536606550951596032', '1536606659751841799'),
	('1536606659751841792', 'admin', '2022-06-14 15:09:11.000000', 0, NULL, NULL, '1536606637815631872', '1536606659751841799'),
	('1536875525769924610', 'admin', '2022-06-15 08:57:34.000000', 0, NULL, NULL, '1536875505901506560', '1536606659751841799'),
	('1663723894789509121', 'admin', '2023-05-31 09:47:41.676000', 0, NULL, NULL, '1663723467998105600', '1536606659751841799'),
	('1663723894827257856', 'admin', '2023-05-31 09:47:41.681000', 0, NULL, NULL, '1663723511849553920', '1536606659751841799'),
	('1663723894848229376', 'admin', '2023-05-31 09:47:41.686000', 0, NULL, NULL, '1663723538621796352', '1536606659751841799'),
	('1663725019009781777', 'admin', '2023-05-31 09:52:09.706000', 0, NULL, NULL, '1663724125664972800', '1536606659751841799'),
	('1663725019018170368', 'admin', '2023-05-31 09:52:09.707000', 0, NULL, NULL, '1663724149731889152', '1536606659751841799'),
	('1663725019022364672', 'admin', '2023-05-31 09:52:09.709000', 0, NULL, NULL, '1663724174398590976', '1536606659751841799'),
	('1663725019030753280', 'admin', '2023-05-31 09:52:09.710000', 0, NULL, NULL, '1663724230593875968', '1536606659751841799'),
	('1663725019034947584', 'admin', '2023-05-31 09:52:09.712000', 0, NULL, NULL, '1663724255319298048', '1536606659751841799'),
	('1663725019039141888', 'admin', '2023-05-31 09:52:09.713000', 0, NULL, NULL, '1663724279579152384', '1536606659751841799'),
	('1663725019047530496', 'admin', '2023-05-31 09:52:09.714000', 0, NULL, NULL, '1663724334755221504', '1536606659751841799'),
	('1663725019051724800', 'admin', '2023-05-31 09:52:09.716000', 0, NULL, NULL, '1663724386382909440', '1536606659751841799'),
	('1663725019055919104', 'admin', '2023-05-31 09:52:09.717000', 0, NULL, NULL, '1663724413914320896', '1536606659751841799'),
	('1663725019060113408', 'admin', '2023-05-31 09:52:09.718000', 0, NULL, NULL, '1663724441433149440', '1536606659751841799'),
	('1663725019064307712', 'admin', '2023-05-31 09:52:09.719000', 0, NULL, NULL, '1663724628767543296', '1536606659751841799'),
	('1663725019072696320', 'admin', '2023-05-31 09:52:09.720000', 0, NULL, NULL, '1663724665174102016', '1536606659751841799'),
	('1663725019076890624', 'admin', '2023-05-31 09:52:09.721000', 0, NULL, NULL, '1663724779984785408', '1536606659751841799'),
	('1663725019081084928', 'admin', '2023-05-31 09:52:09.723000', 0, NULL, NULL, '1663724805096083456', '1536606659751841799'),
	('1663725019085279232', 'admin', '2023-05-31 09:52:09.724000', 0, NULL, NULL, '1663724828114423808', '1536606659751841799'),
	('1663726203963576322', 'admin', '2023-05-31 09:56:52.221000', 0, NULL, NULL, '1663726175089987584', '1536606659751841799'),
	('1663726279024840704', 'admin', '2023-05-31 09:57:10.117000', 0, NULL, NULL, '125909152017944576', '1536606659751841795'),
	('1667343729264037899', 'admin', '2023-06-10 09:31:37.465000', 0, NULL, NULL, '1636971653256843264', '1536606659751841799'),
	('1667343729280815104', 'admin', '2023-06-10 09:31:37.467000', 0, NULL, NULL, '1636986266572689408', '1536606659751841799'),
	('1667343729293398016', 'admin', '2023-06-10 09:31:37.470000', 0, NULL, NULL, '1636986308624781312', '1536606659751841799'),
	('1667343729301786624', 'admin', '2023-06-10 09:31:37.473000', 0, NULL, NULL, '1636971725705056256', '1536606659751841799'),
	('1667343729318563840', 'admin', '2023-06-10 09:31:37.477000', 0, NULL, NULL, '1636971806336356352', '1536606659751841799'),
	('1667343729335341056', 'admin', '2023-06-10 09:31:37.481000', 0, NULL, NULL, '1637004715210444800', '1536606659751841799'),
	('1667343729347923968', 'admin', '2023-06-10 09:31:37.483000', 0, NULL, NULL, '1637004751449231360', '1536606659751841799'),
	('1667343729356312576', 'admin', '2023-06-10 09:31:37.485000', 0, NULL, NULL, '1637004778129199104', '1536606659751841799'),
	('1667343729364701184', 'admin', '2023-06-10 09:31:37.487000', 0, NULL, NULL, '1637004825134764032', '1536606659751841799'),
	('1667343729373089792', 'admin', '2023-06-10 09:31:37.489000', 0, NULL, NULL, '1636971962439962624', '1536606659751841799'),
	('1667343729381478400', 'admin', '2023-06-10 09:31:37.491000', 0, NULL, NULL, '1636972031469817856', '1536606659751841799'),
	('1667343729389867008', 'admin', '2023-06-10 09:31:37.494000', 0, NULL, NULL, '1637004922262261760', '1536606659751841799'),
	('1667343729398255616', 'admin', '2023-06-10 09:31:37.495000', 0, NULL, NULL, '1637005040529051648', '1536606659751841799'),
	('1667343729406644224', 'admin', '2023-06-10 09:31:37.497000', 0, NULL, NULL, '1637004957293088768', '1536606659751841799'),
	('1667343729415032832', 'admin', '2023-06-10 09:31:37.499000', 0, NULL, NULL, '1637004989018804224', '1536606659751841799'),
	('1667343729427615744', 'admin', '2023-06-10 09:31:37.503000', 0, NULL, NULL, '1636972155004653568', '1536606659751841799'),
	('1667343729440198656', 'admin', '2023-06-10 09:31:37.506000', 0, NULL, NULL, '1636972258851426304', '1536606659751841799'),
	('1667343729452781568', 'admin', '2023-06-10 09:31:37.509000', 0, NULL, NULL, '1637005082912493568', '1536606659751841799'),
	('1667343729465364480', 'admin', '2023-06-10 09:31:37.511000', 0, NULL, NULL, '1637005110745894912', '1536606659751841799'),
	('1667343729473753088', 'admin', '2023-06-10 09:31:37.514000', 0, NULL, NULL, '1637005138717708288', '1536606659751841799'),
	('1667343729486336000', 'admin', '2023-06-10 09:31:37.516000', 0, NULL, NULL, '1636974216572178432', '1536606659751841799'),
	('1667343729494724608', 'admin', '2023-06-10 09:31:37.518000', 0, NULL, NULL, '1636974381538349056', '1536606659751841799'),
	('1667343729498918912', 'admin', '2023-06-10 09:31:37.519000', 0, NULL, NULL, '1637005208733224960', '1536606659751841799'),
	('1667343729507307520', 'admin', '2023-06-10 09:31:37.521000', 0, NULL, NULL, '1636974468972810240', '1536606659751841799'),
	('1667343729515696128', 'admin', '2023-06-10 09:31:37.523000', 0, NULL, NULL, '1636974537574846464', '1536606659751841799'),
	('1667343729519890432', 'admin', '2023-06-10 09:31:37.524000', 0, NULL, NULL, '1637005297572777984', '1536606659751841799'),
	('1667343729528279040', 'admin', '2023-06-10 09:31:37.526000', 0, NULL, NULL, '1637005333157253120', '1536606659751841799'),
	('1667343729536667648', 'admin', '2023-06-10 09:31:37.528000', 0, NULL, NULL, '1637003227910246400', '1536606659751841799'),
	('1667343729545056256', 'admin', '2023-06-10 09:31:37.530000', 0, NULL, NULL, '1637003434798485504', '1536606659751841799'),
	('1667343729553444864', 'admin', '2023-06-10 09:31:37.533000', 0, NULL, NULL, '1637003507452219392', '1536606659751841799'),
	('1667344458900967438', 'admin', '2023-06-10 09:34:31.422000', 0, NULL, NULL, '1636971725705056256', '1536606659751841795'),
	('1667344458909356032', 'admin', '2023-06-10 09:34:31.424000', 0, NULL, NULL, '1636971806336356352', '1536606659751841795'),
	('1667344458917744640', 'admin', '2023-06-10 09:34:31.426000', 0, NULL, NULL, '1637004825134764032', '1536606659751841795'),
	('1667344458921938944', 'admin', '2023-06-10 09:34:31.427000', 0, NULL, NULL, '1636971962439962624', '1536606659751841795'),
	('1667344458930327552', 'admin', '2023-06-10 09:34:31.429000', 0, NULL, NULL, '1636972031469817856', '1536606659751841795'),
	('1667344458938716160', 'admin', '2023-06-10 09:34:31.431000', 0, NULL, NULL, '1636972155004653568', '1536606659751841795'),
	('1667344458947104768', 'admin', '2023-06-10 09:34:31.433000', 0, NULL, NULL, '1636972258851426304', '1536606659751841795'),
	('1667344458955493376', 'admin', '2023-06-10 09:34:31.436000', 0, NULL, NULL, '1636974216572178432', '1536606659751841795'),
	('1667344458968076288', 'admin', '2023-06-10 09:34:31.439000', 0, NULL, NULL, '1636974381538349056', '1536606659751841795'),
	('1667344458980659200', 'admin', '2023-06-10 09:34:31.441000', 0, NULL, NULL, '1636974468972810240', '1536606659751841795'),
	('1667344458989047808', 'admin', '2023-06-10 09:34:31.443000', 0, NULL, NULL, '1636974537574846464', '1536606659751841795'),
	('1667344641537740800', 'admin', '2023-06-10 09:35:14.966000', 0, NULL, NULL, '125909152017944576', '1667344323877933056'),
	('1667344641550323712', 'admin', '2023-06-10 09:35:14.969000', 0, NULL, NULL, '1636971653256843264', '1667344323877933056'),
	('1667344641562906624', 'admin', '2023-06-10 09:35:14.973000', 0, NULL, NULL, '1636986266572689408', '1667344323877933056'),
	('1667344641575489536', 'admin', '2023-06-10 09:35:14.975000', 0, NULL, NULL, '1636971725705056256', '1667344323877933056'),
	('1667344641588072448', 'admin', '2023-06-10 09:35:14.979000', 0, NULL, NULL, '1636971806336356352', '1667344323877933056'),
	('1667344641600655360', 'admin', '2023-06-10 09:35:14.982000', 0, NULL, NULL, '1637004715210444800', '1667344323877933056'),
	('1667344641613238272', 'admin', '2023-06-10 09:35:14.984000', 0, NULL, NULL, '1637004751449231360', '1667344323877933056'),
	('1667344641621626880', 'admin', '2023-06-10 09:35:14.985000', 0, NULL, NULL, '1637004778129199104', '1667344323877933056'),
	('1667344641625821184', 'admin', '2023-06-10 09:35:14.987000', 0, NULL, NULL, '1636971962439962624', '1667344323877933056'),
	('1667344641630015488', 'admin', '2023-06-10 09:35:14.988000', 0, NULL, NULL, '1636972031469817856', '1667344323877933056'),
	('1667344641634209792', 'admin', '2023-06-10 09:35:14.989000', 0, NULL, NULL, '1637004922262261760', '1667344323877933056'),
	('1667344641642598400', 'admin', '2023-06-10 09:35:14.990000', 0, NULL, NULL, '1637005040529051648', '1667344323877933056'),
	('1667344641646792704', 'admin', '2023-06-10 09:35:14.991000', 0, NULL, NULL, '1637004957293088768', '1667344323877933056'),
	('1667344641650987008', 'admin', '2023-06-10 09:35:14.993000', 0, NULL, NULL, '1637004989018804224', '1667344323877933056'),
	('1667344641659375616', 'admin', '2023-06-10 09:35:14.995000', 0, NULL, NULL, '1636972155004653568', '1667344323877933056'),
	('1667344641671958528', 'admin', '2023-06-10 09:35:14.998000', 0, NULL, NULL, '1636972258851426304', '1667344323877933056'),
	('1667344641676152832', 'admin', '2023-06-10 09:35:14.999000', 0, NULL, NULL, '1637005082912493568', '1667344323877933056'),
	('1667344641684541440', 'admin', '2023-06-10 09:35:15.001000', 0, NULL, NULL, '1637005110745894912', '1667344323877933056'),
	('1667344641692930048', 'admin', '2023-06-10 09:35:15.003000', 0, NULL, NULL, '1637005138717708288', '1667344323877933056'),
	('1667344641697124352', 'admin', '2023-06-10 09:35:15.004000', 0, NULL, NULL, '1636974216572178432', '1667344323877933056'),
	('1667344641705512960', 'admin', '2023-06-10 09:35:15.006000', 0, NULL, NULL, '1636974381538349056', '1667344323877933056'),
	('1667344641709707264', 'admin', '2023-06-10 09:35:15.007000', 0, NULL, NULL, '1636974468972810240', '1667344323877933056'),
	('1667344641713901568', 'admin', '2023-06-10 09:35:15.008000', 0, NULL, NULL, '1636974537574846464', '1667344323877933056'),
	('1667344641722290176', 'admin', '2023-06-10 09:35:15.010000', 0, NULL, NULL, '1637005297572777984', '1667344323877933056'),
	('1667344641730678784', 'admin', '2023-06-10 09:35:15.012000', 0, NULL, NULL, '1637005333157253120', '1667344323877933056');

DROP TABLE IF EXISTS `a_setting`;
CREATE TABLE IF NOT EXISTS `a_setting` (
  `id` varchar(255) NOT NULL,
  `create_by` varchar(255) DEFAULT NULL,
  `create_time` datetime(6) DEFAULT NULL,
  `del_flag` int NOT NULL,
  `update_by` varchar(255) DEFAULT NULL,
  `update_time` datetime(6) DEFAULT NULL,
  `value` varchar(255) DEFAULT NULL,
  PRIMARY KEY (`id`)
) ENGINE=InnoDB DEFAULT CHARSET=utf8mb3;

DELETE FROM `a_setting`;
INSERT INTO `a_setting` (`id`, `create_by`, `create_time`, `del_flag`, `update_by`, `update_time`, `value`) VALUES
	('FILE_HTTP', 'admin', '2023-05-16 14:37:41.000000', 0, 'admin', '2022-05-28 15:57:20.000000', 'http://'),
	('FILE_PATH', 'admin', '2023-05-16 14:37:40.000000', 0, 'admin', '2022-05-28 15:57:19.000000', 'C:\\\\oa-file'),
	('FILE_VIEW', 'admin', '2023-05-16 14:37:40.000000', 0, 'admin', '2022-05-28 15:57:20.000000', '127.0.0.1:8080/zwz/file/view');

DROP TABLE IF EXISTS `a_student`;
CREATE TABLE IF NOT EXISTS `a_student` (
  `id` varchar(255) CHARACTER SET utf8mb3 COLLATE utf8mb3_croatian_ci NOT NULL,
  `create_by` varchar(255) CHARACTER SET utf8mb3 COLLATE utf8mb3_croatian_ci DEFAULT NULL,
  `create_time` datetime(6) DEFAULT NULL,
  `del_flag` int NOT NULL,
  `update_by` varchar(255) CHARACTER SET utf8mb3 COLLATE utf8mb3_croatian_ci DEFAULT NULL,
  `update_time` datetime(6) DEFAULT NULL,
  `name` varchar(255) CHARACTER SET utf8mb3 COLLATE utf8mb3_croatian_ci DEFAULT NULL,
  `number` varchar(255) CHARACTER SET utf8mb3 COLLATE utf8mb3_croatian_ci DEFAULT NULL,
  `school` varchar(255) CHARACTER SET utf8mb3 COLLATE utf8mb3_croatian_ci DEFAULT NULL,
  `sex` varchar(255) CHARACTER SET utf8mb3 COLLATE utf8mb3_croatian_ci DEFAULT NULL,
  `age` decimal(38,2) DEFAULT NULL,
  PRIMARY KEY (`id`)
) ENGINE=InnoDB DEFAULT CHARSET=utf8mb3 COLLATE=utf8mb3_croatian_ci;

DELETE FROM `a_student`;
INSERT INTO `a_student` (`id`, `create_by`, `create_time`, `del_flag`, `update_by`, `update_time`, `name`, `number`, `school`, `sex`, `age`) VALUES
	('1536601255475023872', 'admin', '2022-06-14 14:47:42.637000', 0, NULL, NULL, '张三', '001', '北京大学', '男', 18.00),
	('1536601308352614400', 'admin', '2022-06-14 14:47:55.244000', 0, NULL, NULL, '李四', '002', '清华大学', '女', 19.00),
	('1536601388044390400', 'admin', '2022-06-14 14:48:14.243000', 0, NULL, NULL, '王五', '003', '浙江大学', '男', 20.00),
	('1536601469879455744', 'admin', '2022-06-14 14:48:33.753000', 0, NULL, NULL, '赵六', '004', '宁波大学', '保密', 21.00);

DROP TABLE IF EXISTS `a_teacher`;
CREATE TABLE IF NOT EXISTS `a_teacher` (
  `id` varchar(255) CHARACTER SET utf8mb3 COLLATE utf8mb3_croatian_ci NOT NULL,
  `create_by` varchar(255) CHARACTER SET utf8mb3 COLLATE utf8mb3_croatian_ci DEFAULT NULL,
  `create_time` datetime(6) DEFAULT NULL,
  `del_flag` int NOT NULL,
  `update_by` varchar(255) CHARACTER SET utf8mb3 COLLATE utf8mb3_croatian_ci DEFAULT NULL,
  `update_time` datetime(6) DEFAULT NULL,
  `age` decimal(38,2) DEFAULT NULL,
  `autograph` varchar(255) CHARACTER SET utf8mb3 COLLATE utf8mb3_croatian_ci DEFAULT NULL,
  `education` varchar(255) CHARACTER SET utf8mb3 COLLATE utf8mb3_croatian_ci DEFAULT NULL,
  `graduated` varchar(255) CHARACTER SET utf8mb3 COLLATE utf8mb3_croatian_ci DEFAULT NULL,
  `name` varchar(255) CHARACTER SET utf8mb3 COLLATE utf8mb3_croatian_ci DEFAULT NULL,
  `remark` varchar(255) CHARACTER SET utf8mb3 COLLATE utf8mb3_croatian_ci DEFAULT NULL,
  `status` varchar(255) CHARACTER SET utf8mb3 COLLATE utf8mb3_croatian_ci DEFAULT NULL,
  `wages` decimal(38,2) DEFAULT NULL,
  `resume` varchar(255) CHARACTER SET utf8mb3 COLLATE utf8mb3_croatian_ci DEFAULT NULL,
  PRIMARY KEY (`id`)
) ENGINE=InnoDB DEFAULT CHARSET=utf8mb3 COLLATE=utf8mb3_croatian_ci;

DELETE FROM `a_teacher`;
INSERT INTO `a_teacher` (`id`, `create_by`, `create_time`, `del_flag`, `update_by`, `update_time`, `age`, `autograph`, `education`, `graduated`, `name`, `remark`, `status`, `wages`, `resume`) VALUES
	('1536614275123122176', 'admin', '2022-06-14 15:39:26.000000', 0, 'admin', '2023-05-31 10:05:23.579000', 30.00, 'https://jujia.lucheng.gov.cn/app/file/view/1663728513460604931', '博士', '同济大学', '张三', '测试', '在职', 9960.00, 'https://jujia.lucheng.gov.cn/app/file/view/1663728494519128066'),
	('1536614275123122177', 'admin', '2022-06-14 15:39:26.000000', 0, 'admin', '2022-06-14 15:41:09.841000', 30.00, 'https://jujia.lucheng.gov.cn/app/file/view/1663728513460604931', '本科', '同济大学', '李四', '测试', '在职', 7778.00, 'https://jujia.lucheng.gov.cn/app/file/view/1663728494519128066'),
	('1536614275123122178', 'admin', '2022-06-14 15:39:26.000000', 0, 'admin', '2022-06-14 15:41:09.841000', 30.00, 'https://jujia.lucheng.gov.cn/app/file/view/1663728513460604931', '硕士', '同济大学', '王五', '测试', '在职', 8889.00, 'https://jujia.lucheng.gov.cn/app/file/view/1663728494519128066'),
	('1536614275123122179', 'admin', '2022-06-14 15:39:26.000000', 0, 'admin', '2022-06-14 15:41:09.841000', 30.00, 'https://jujia.lucheng.gov.cn/app/file/view/1663728513460604931', '硕士', '同济大学', '赵六', '测试', '在职', 4445.00, 'https://jujia.lucheng.gov.cn/app/file/view/1663728494519128066'),
	('1536614275123122180', 'admin', '2022-06-14 15:39:26.000000', 0, 'admin', '2022-06-14 15:41:09.841000', 30.00, 'https://jujia.lucheng.gov.cn/app/file/view/1663728513460604931', '专科', '同济大学', '郑七', '测试', '在职', 1118.00, 'https://jujia.lucheng.gov.cn/app/file/view/1663728494519128066'),
	('1536614275123122181', 'admin', '2022-06-14 15:39:26.000000', 0, 'admin', '2022-06-14 15:41:09.841000', 30.00, 'https://jujia.lucheng.gov.cn/app/file/view/1663728513460604931', '专科', '同济大学', '龚八', '测试', '在职', 3337.00, 'https://jujia.lucheng.gov.cn/app/file/view/1663728494519128066');

DROP TABLE IF EXISTS `a_user`;
CREATE TABLE IF NOT EXISTS `a_user` (
  `id` varchar(255) NOT NULL,
  `create_by` varchar(255) DEFAULT NULL,
  `create_time` datetime(6) DEFAULT NULL,
  `update_by` varchar(255) DEFAULT NULL,
  `update_time` datetime(6) DEFAULT NULL,
  `address` varchar(255) DEFAULT NULL,
  `avatar` varchar(255) DEFAULT NULL,
  `description` varchar(255) CHARACTER SET utf8mb4 COLLATE utf8mb4_0900_ai_ci DEFAULT NULL,
  `email` varchar(255) DEFAULT NULL,
  `mobile` varchar(255) DEFAULT NULL,
  `nickname` varchar(20) NOT NULL,
  `password` varchar(255) DEFAULT NULL,
  `sex` varchar(255) DEFAULT NULL,
  `status` int DEFAULT NULL,
  `type` int DEFAULT NULL,
  `username` varchar(255) DEFAULT NULL,
  `del_flag` int NOT NULL,
  `department_id` varchar(255) DEFAULT NULL,
  `street` varchar(255) DEFAULT NULL,
  `pass_strength` varchar(2) DEFAULT NULL,
  `department_title` varchar(255) DEFAULT NULL,
  `birth` datetime(6) DEFAULT NULL,
  `my_door` varchar(255) DEFAULT NULL,
  `age` decimal(38,2) DEFAULT NULL,
  `money_data` decimal(38,2) DEFAULT NULL,
  PRIMARY KEY (`id`),
  UNIQUE KEY `username` (`username`) USING BTREE,
  UNIQUE KEY `email` (`email`) USING BTREE,
  UNIQUE KEY `mobile` (`mobile`) USING BTREE,
  KEY `create_time` (`create_time`) USING BTREE
) ENGINE=InnoDB DEFAULT CHARSET=utf8mb3;

DELETE FROM `a_user`;
INSERT INTO `a_user` (`id`, `create_by`, `create_time`, `update_by`, `update_time`, `address`, `avatar`, `description`, `email`, `mobile`, `nickname`, `password`, `sex`, `status`, `type`, `username`, `del_flag`, `department_id`, `street`, `pass_strength`, `department_title`, `birth`, `my_door`, `age`, `money_data`) VALUES
	('1464764315201572864', '', '2022-03-20 09:46:20.000000', 'admin', '2023-06-10 09:40:19.358000', '["330000","330600","330602"]', 'https://jujia.lucheng.gov.cn/app/file/view/1663719005518696451', '浙江大学', '916077357@qq.com', '17857054388', '管理员', '$2a$10$PS04ecXfknNd3V8d.ymLTObQciapMU4xU8.GADBZZsuTZr7ymnagy', '男', 0, 2, 'admin', 0, '1464487288363945985', '', '弱', '部门A', '2023-05-16 14:36:38.000000', 'user-adminZWZ666department-adminZWZ666file-adminZWZ666role-manageZWZ666menu-manageZWZ666log-manage', 27.00, 12000.00),
	('1464764315201572865', '', '2022-03-20 09:46:20.000000', 'admin', '2023-06-10 09:40:07.407000', '["110000","110100","110105"]', 'https://jujia.lucheng.gov.cn/app/file/view/1663719005518696451', '浙江大学', '13600000001@qq.com', '13600000001', '学生A', '$2a$10$E59nactOiILAzQvfcs0JFOYuZp06d4bLhugEadyQuygpmiLc0W.ha', '女', 0, 0, '13600000001', 0, '1464487288363945985', '', '弱', '部门A', '2023-05-16 14:35:43.000000', '', 25.00, 5000.00),
	('1464772465946398721', '', '2022-03-20 09:46:20.000000', 'admin', '2023-06-10 09:40:03.043000', '["110000","110100","110105"]', 'https://jujia.lucheng.gov.cn/app/file/view/1663719005518696451', '浙江大学', '13600000002@qq.com', '13600000002', '学生B', '$2a$10$vJyLo1RhFORH/SAu3sc9aeb37I5JRy5UugaN7fIt/e2vvsz6JWJCm', '女', 0, 0, '13600000002', 0, '1464487288363945985', '', '弱', '部门A', '2023-05-16 14:35:44.000000', '', 24.00, 7000.00),
	('1527830053524738048', 'admin', '2022-05-21 09:54:05.000000', 'admin', '2023-06-10 09:40:15.894000', '["110000","110100","110106"]', 'https://jujia.lucheng.gov.cn/app/file/view/1663719005518696451', '浙江大学', '13600000010@qq.com', '13600000010', '教师', '$2a$10$oeP4aplYnswfQ44pK6lAO.Np9BuPYJGRwo17THO7CUNlIQoVGsPmy', '男', 0, 1, '13600000010', 0, '1464487288363945985', '', '弱', '部门A', '2023-05-16 14:35:44.000000', '', 20.00, 5000.00),
	('1527830053524738049', 'admin', '2022-05-21 09:54:05.000000', 'admin', '2023-06-10 09:40:15.894000', '["110000","110100","110106"]', 'https://jujia.lucheng.gov.cn/app/file/view/1663719005518696451', '浙江大学', '13600000011@qq.com', '13600000011', '教师B', '$2a$10$oeP4aplYnswfQ44pK6lAO.Np9BuPYJGRwo17THO7CUNlIQoVGsPmy', '男', 0, 1, '13600000011', 0, '1464487288363945985', '', '弱', '部门A', '2023-05-16 14:35:44.000000', '', 21.00, 3000.00),
	('1527830053524738050', 'admin', '2022-05-21 09:54:05.000000', 'admin', '2023-06-10 09:40:15.894000', '["110000","110100","110106"]', 'https://jujia.lucheng.gov.cn/app/file/view/1663719005518696451', '浙江大学', '13600000012@qq.com', '13600000012', '教师C', '$2a$10$oeP4aplYnswfQ44pK6lAO.Np9BuPYJGRwo17THO7CUNlIQoVGsPmy', '男', 0, 1, '13600000012', 0, '1464487288363945985', '', '弱', '部门A', '2023-05-16 14:35:44.000000', '', 22.00, 8000.00),
	('1527830053524738051', 'admin', '2022-05-21 09:54:05.000000', 'admin', '2023-06-10 09:40:15.894000', '["110000","110100","110106"]', 'https://jujia.lucheng.gov.cn/app/file/view/1663719005518696451', '浙江大学', '13600000013@qq.com', '13600000013', '教师D', '$2a$10$oeP4aplYnswfQ44pK6lAO.Np9BuPYJGRwo17THO7CUNlIQoVGsPmy', '男', 0, 1, '13600000013', 0, '1464487288363945985', '', '弱', '部门A', '2023-05-16 14:35:44.000000', '', 23.00, 12000.00);

DROP TABLE IF EXISTS `a_user_role`;
CREATE TABLE IF NOT EXISTS `a_user_role` (
  `id` varchar(255) NOT NULL,
  `create_by` varchar(255) DEFAULT NULL,
  `create_time` datetime(6) DEFAULT NULL,
  `del_flag` int NOT NULL,
  `update_by` varchar(255) DEFAULT NULL,
  `update_time` datetime(6) DEFAULT NULL,
  `role_id` varchar(255) DEFAULT NULL,
  `user_id` varchar(255) DEFAULT NULL,
  PRIMARY KEY (`id`)
) ENGINE=InnoDB DEFAULT CHARSET=utf8mb3;

DELETE FROM `a_user_role`;
INSERT INTO `a_user_role` (`id`, `create_by`, `create_time`, `del_flag`, `update_by`, `update_time`, `role_id`, `user_id`) VALUES
	('1526802492967489537', NULL, '2022-05-18 13:50:56.000000', 0, NULL, NULL, '1536606659751841795', '1526802492443201536'),
	('1526819095553642497', NULL, '2022-05-18 14:56:54.000000', 0, NULL, NULL, '1536606659751841795', '1526819095159377920'),
	('1667345849841225728', 'admin', '2023-06-10 09:40:03.050000', 0, NULL, NULL, '1536606659751841795', '1464772465946398721'),
	('1667345868153556992', 'admin', '2023-06-10 09:40:07.416000', 0, NULL, NULL, '1536606659751841795', '1464764315201572865'),
	('1667345903742226432', 'admin', '2023-06-10 09:40:15.900000', 0, NULL, NULL, '1667344323877933056', '1527830053524738048'),
	('1667345918275489792', 'admin', '2023-06-10 09:40:19.365000', 0, NULL, NULL, '1536606659751841799', '1464764315201572864');

/*!40103 SET TIME_ZONE=IFNULL(@OLD_TIME_ZONE, 'system') */;
/*!40101 SET SQL_MODE=IFNULL(@OLD_SQL_MODE, '') */;
/*!40014 SET FOREIGN_KEY_CHECKS=IFNULL(@OLD_FOREIGN_KEY_CHECKS, 1) */;
/*!40101 SET CHARACTER_SET_CLIENT=@OLD_CHARACTER_SET_CLIENT */;
/*!40111 SET SQL_NOTES=IFNULL(@OLD_SQL_NOTES, 1) */;
